date,no2(ppm)
2018-01-01,0.029
2018-01-02,0.035
2018-01-03,0.024
2018-01-04,0.039
2018-01-05,0.05
2018-01-06,0.035
2018-01-07,0.055
2018-01-08,0.053
2018-01-09,0.02
2018-01-10,0.016
2018-01-11,0.017
2018-01-12,0.029
2018-01-13,0.057
2018-01-14,0.051
2018-01-15,0.052
2018-01-16,0.076
2018-01-17,0.058
2018-01-18,0.037
2018-01-19,0.038
2018-01-20,0.052
2018-01-21,0.039
2018-01-22,0.05
2018-01-23,0.014
2018-01-24,0.014
2018-01-25,0.015
2018-01-26,0.018
2018-01-27,0.043
2018-01-28,0.018
2018-01-29,0.018
2018-01-30,0.046
2018-01-31,0.036
2018-02-01,0.041
2018-02-02,0.053
2018-02-03,0.018
2018-02-04,0.013
2018-02-05,0.019
2018-02-06,0.016
2018-02-07,0.039
2018-02-08,0.06
2018-02-09,0.076
2018-02-10,0.034
2018-02-11,0.018
2018-02-12,0.024
2018-02-13,0.039
2018-02-14,0.041
2018-02-15,0.018
2018-02-16,0.031
2018-02-17,0.015
2018-02-18,0.029
2018-02-19,0.051
2018-02-20,0.033
2018-02-21,0.026
2018-02-22,0.046
2018-02-23,0.049
2018-02-24,0.032
2018-02-25,0.036
2018-02-26,0.064
2018-02-27,0.085
2018-02-28,0.061
2018-03-01,0.021
2018-03-02,0.042
2018-03-03,0.058
2018-03-04,0.045
2018-03-05,0.031
2018-03-06,0.036
2018-03-07,0.04
2018-03-08,0.025
2018-03-09,0.04
2018-03-10,0.046
2018-03-11,0.031
2018-03-12,0.066
2018-03-13,0.056
2018-03-14,0.04
2018-03-15,0.037
2018-03-16,0.033
2018-03-17,0.036
2018-03-18,0.047
2018-03-19,0.042
2018-03-20,0.028
2018-03-21,0.029
2018-03-22,0.039
2018-03-23,0.05
2018-03-24,0.055
2018-03-25,0.049
2018-03-26,0.067
2018-03-27,0.06
2018-03-28,0.043
2018-03-29,0.042
2018-03-30,0.049
2018-03-31,0.046
2018-04-01,0.039
2018-04-02,0.039
2018-04-03,0.042
2018-04-04,0.031
2018-04-05,0.039
2018-04-06,0.025
2018-04-07,0.017
2018-04-08,0.027
2018-04-09,0.05
2018-04-10,0.042
2018-04-11,0.032
2018-04-12,0.034
2018-04-13,0.047
2018-04-14,0.024
2018-04-15,0.02
2018-04-16,0.035
2018-04-17,0.048
2018-04-18,0.045
2018-04-19,0.059
2018-04-20,0.07
2018-04-21,0.057
2018-04-22,0.043
2018-04-23,0.031
2018-04-24,0.037
2018-04-25,0.044
2018-04-26,0.049
2018-04-27,0.056
2018-04-28,0.046
2018-04-29,0.038
2018-04-30,0.046
2018-05-01,0.033
2018-05-02,0.035
2018-05-03,0.025
2018-05-04,0.038
2018-05-05,0.039
2018-05-06,0.034
2018-05-07,0.039
2018-05-08,0.038
2018-05-09,0.03
2018-05-10,0.037
2018-05-11,0.04
2018-05-12,0.046
2018-05-13,0.029
2018-05-14,0.052
2018-05-15,0.063
2018-05-16,0.038
2018-05-17,0.038
2018-05-18,0.032
2018-05-19,0.034
2018-05-20,0.034
2018-05-21,0.043
2018-05-22,0.04
2018-05-23,0.022
2018-05-24,0.049
2018-05-25,0.046
2018-05-26,0.055
2018-05-27,0.035
2018-05-28,0.048
2018-05-29,0.042
2018-05-30,0.038
2018-05-31,0.039
2018-06-01,0.05
2018-06-02,0.05
2018-06-03,0.037
2018-06-04,0.045
2018-06-05,0.039
2018-06-06,0.033
2018-06-07,0.04
2018-06-08,0.023
2018-06-09,0.043
2018-06-10,0.027
2018-06-11,0.027
2018-06-12,0.027
2018-06-13,0.037
2018-06-14,0.042
2018-06-15,0.036
2018-06-16,0.031
2018-06-17,0.031
2018-06-18,0.041
2018-06-19,0.045
2018-06-20,0.025
2018-06-21,0.026
2018-06-22,0.045
2018-06-23,0.042
2018-06-24,0.029
2018-06-25,0.057
2018-06-26,0.044
2018-06-27,0.04
2018-06-28,0.047
2018-06-29,0.046
2018-06-30,0.041
2018-07-01,0.031
2018-07-02,0.045
2018-07-03,0.031
2018-07-04,0.033
2018-07-05,0.029
2018-07-06,0.022
2018-07-07,0.029
2018-07-08,0.028
2018-07-09,0.026
2018-07-10,0.035
2018-07-11,0.028
2018-07-12,0.021
2018-07-13,0.026
2018-07-14,0.028
2018-07-15,0.018
2018-07-16,0.029
2018-07-17,0.024
2018-07-18,0.03
2018-07-19,0.024
2018-07-20,0.037
2018-07-21,0.039
2018-07-22,0.027
2018-07-23,0.029
2018-07-24,0.041
2018-07-25,0.035
2018-07-26,0.036
2018-07-27,0.033
2018-07-28,0.036
2018-07-29,0.027
2018-07-30,0.037
2018-07-31,0.038
2018-08-01,0.034
2018-08-02,0.044
2018-08-03,0.036
2018-08-04,0.02
2018-08-05,0.013
2018-08-06,0.029
2018-08-07,0.034
2018-08-08,0.023
2018-08-09,0.023
2018-08-10,0.027
2018-08-11,0.039
2018-08-12,0.031
2018-08-13,0.031
2018-08-14,0.034
2018-08-15,0.038
2018-08-16,0.033
2018-08-17,0.039
2018-08-18,0.029
2018-08-19,0.034
2018-08-20,0.045
2018-08-21,0.033
2018-08-22,0.044
2018-08-23,0.028
2018-08-24,0.023
2018-08-25,0.033
2018-08-26,0.03
2018-08-27,0.037
2018-08-28,0.032
2018-08-29,0.028
2018-08-30,0.036
2018-08-31,0.03
2018-09-01,0.042
2018-09-02,0.031
2018-09-03,0.038
2018-09-04,0.02
2018-09-05,0.026
2018-09-06,0.046
2018-09-07,0.024
2018-09-08,0.027
2018-09-09,0.03
2018-09-10,0.038
2018-09-11,0.039
2018-09-12,0.041
2018-09-13,0.047
2018-09-14,0.043
2018-09-15,0.039
2018-09-16,0.023
2018-09-17,0.027
2018-09-18,0.038
2018-09-19,0.049
2018-09-20,0.046
2018-09-21,0.037
2018-09-22,0.031
2018-09-23,0.024
2018-09-24,0.012
2018-09-25,0.023
2018-09-26,0.026
2018-09-27,0.03
2018-09-28,0.037
2018-09-29,0.036
2018-09-30,0.022
2018-10-01,0.016
2018-10-02,0.028
2018-10-03,0.039
2018-10-04,0.043
2018-10-05,0.044
2018-10-06,0.027
2018-10-07,0.019
2018-10-08,0.031
2018-10-09,0.046
2018-10-10,0.017
2018-10-11,0.017
2018-10-12,0.033
2018-10-13,0.05
2018-10-14,0.035
2018-10-15,0.039
2018-10-16,0.039
2018-10-17,0.041
2018-10-18,0.036
2018-10-19,0.033
2018-10-20,0.047
2018-10-21,0.044
2018-10-22,0.062
2018-10-23,0.059
2018-10-24,0.04
2018-10-25,0.053
2018-10-26,0.046
2018-10-27,0.015
2018-10-28,0.028
2018-10-29,0.021
2018-10-30,0.02
2018-10-31,0.024
2018-11-01,0.043
2018-11-02,0.057
2018-11-03,0.062
2018-11-04,0.05
2018-11-05,0.056
2018-11-06,0.07
2018-11-07,0.048
2018-11-08,0.043
2018-11-09,0.031
2018-11-10,0.039
2018-11-11,0.039
2018-11-12,0.037
2018-11-13,0.044
2018-11-14,0.044
2018-11-15,0.058
2018-11-16,0.044
2018-11-17,0.034
2018-11-18,0.035
2018-11-19,0.043
2018-11-20,0.047
2018-11-21,0.038
2018-11-22,0.02
2018-11-23,0.042
2018-11-24,0.047
2018-11-25,0.046
2018-11-26,0.058
2018-11-27,0.053
2018-11-28,0.033
2018-11-29,0.045
2018-11-30,0.043
2018-12-01,0.056
2018-12-02,0.052
2018-12-03,0.05
2018-12-04,0.023
2018-12-05,0.028
2018-12-06,0.03
2018-12-07,0.011
2018-12-08,0.012
2018-12-09,0.02
2018-12-10,0.052
2018-12-11,0.052
2018-12-12,0.029
2018-12-13,0.035
2018-12-14,0.029
2018-12-15,0.054
2018-12-16,0.056
2018-12-17,0.037
2018-12-18,0.053
2018-12-19,0.044
2018-12-20,0.059
2018-12-21,0.07
2018-12-22,0.056
2018-12-23,0.022
2018-12-24,0.027
2018-12-25,0.053
2018-12-26,0.026
2018-12-27,0.013
2018-12-28,0.019
2018-12-29,0.015
2018-12-30,0.029
2018-12-31,0.047
2019-01-01,0.029
2019-01-02,0.035
2019-01-03,0.047
2019-01-04,0.064
2019-01-05,0.028
2019-01-06,0.038
2019-01-07,0.05
2019-01-08,0.021
2019-01-09,0.039
2019-01-10,0.051
2019-01-11,0.058
2019-01-12,0.056
2019-01-13,0.048
2019-01-14,0.066
2019-01-15,0.027
2019-01-16,0.027
2019-01-17,0.037
2019-01-18,0.052
2019-01-19,0.056
2019-01-20,0.017
2019-01-21,0.044
2019-01-22,0.05
2019-01-23,0.036
2019-01-24,0.039
2019-01-25,0.025
2019-01-26,0.018
2019-01-27,0.038
2019-01-28,0.021
2019-01-29,0.045
2019-01-30,0.05
2019-01-31,0.021
2019-02-01,0.036
2019-02-02,0.052
2019-02-03,0.037
2019-02-04,0.019
2019-02-05,0.045
2019-02-06,0.048
2019-02-07,0.016
2019-02-08,0.023
2019-02-09,0.014
2019-02-10,0.025
2019-02-11,0.023
2019-02-12,0.028
2019-02-13,0.026
2019-02-14,0.045
2019-02-15,0.039
2019-02-16,0.02
2019-02-17,0.026
2019-02-18,0.051
2019-02-19,0.044
2019-02-20,0.033
2019-02-21,0.048
2019-02-22,0.053
2019-02-23,0.051
2019-02-24,0.049
2019-02-25,0.039
2019-02-26,0.043
2019-02-27,0.053
2019-02-28,0.051
2019-03-01,0.051
2019-03-02,0.06
2019-03-03,0.048
2019-03-04,0.053
2019-03-05,0.045
2019-03-06,0.047
2019-03-07,0.03
2019-03-08,0.042
2019-03-09,0.057
2019-03-10,0.04
2019-03-11,0.044
2019-03-12,0.031
2019-03-13,0.025
2019-03-14,0.038
2019-03-15,0.04
2019-03-16,0.032
2019-03-17,0.026
2019-03-18,0.052
2019-03-19,0.061
2019-03-20,0.062
2019-03-21,0.028
2019-03-22,0.016
2019-03-23,0.024
2019-03-24,0.022
2019-03-25,0.043
2019-03-26,0.039
2019-03-27,0.038
2019-03-28,0.032
2019-03-29,0.027
2019-03-30,0.023
2019-03-31,0.014
2019-04-01,0.02
2019-04-02,0.03
2019-04-03,0.035
2019-04-04,0.038
2019-04-05,0.028
2019-04-06,0.044
2019-04-07,0.026
2019-04-08,0.023
2019-04-09,0.041
2019-04-10,0.024
2019-04-11,0.033
2019-04-12,0.041
2019-04-13,0.042
2019-04-14,0.027
2019-04-15,0.044
2019-04-16,0.048
2019-04-17,0.04
2019-04-18,0.036
2019-04-19,0.036
2019-04-20,0.03
2019-04-21,0.024
2019-04-22,0.048
2019-04-23,0.053
2019-04-24,0.035
2019-04-25,0.036
2019-04-26,0.028
2019-04-27,0.025
2019-04-28,0.022
2019-04-29,0.042
2019-04-30,0.042
2019-05-01,0.031
2019-05-02,0.03
2019-05-03,0.052
2019-05-04,0.049
2019-05-05,0.041
2019-05-06,0.013
2019-05-07,0.034
2019-05-08,0.037
2019-05-09,0.035
2019-05-10,0.046
2019-05-11,0.05
2019-05-12,0.041
2019-05-13,0.047
2019-05-14,0.035
2019-05-15,0.043
2019-05-16,0.039
2019-05-17,0.048
2019-05-18,0.032
2019-05-19,0.027
2019-05-20,0.02
2019-05-21,0.032
2019-05-22,0.036
2019-05-23,0.047
2019-05-24,0.057
2019-05-25,0.045
2019-05-26,0.034
2019-05-27,0.03
2019-05-28,0.023
2019-05-29,0.038
2019-05-30,0.042
2019-05-31,0.025
2019-06-01,0.029
2019-06-02,0.025
2019-06-03,0.041
2019-06-04,0.03
2019-06-05,0.037
2019-06-06,0.043
2019-06-07,0.029
2019-06-08,0.031
2019-06-09,0.021
2019-06-10,0.03
2019-06-11,0.026
2019-06-12,0.029
2019-06-13,0.033
2019-06-14,0.023
2019-06-15,0.017
2019-06-16,0.02
2019-06-17,0.03
2019-06-18,0.035
2019-06-19,0.021
2019-06-20,0.022
2019-06-21,0.024
2019-06-22,0.027
2019-06-23,0.018
2019-06-24,0.033
2019-06-25,0.035
2019-06-26,0.049
2019-06-27,0.03
2019-06-28,0.038
2019-06-29,0.029
2019-06-30,0.02
2019-07-01,0.026
2019-07-02,0.027
2019-07-03,0.028
2019-07-04,0.032
2019-07-05,0.044
2019-07-06,0.039
2019-07-07,0.021
2019-07-08,0.029
2019-07-09,0.031
2019-07-10,0.028
2019-07-11,0.015
2019-07-12,0.024
2019-07-13,0.029
2019-07-14,0.022
2019-07-15,0.034
2019-07-16,0.03
2019-07-17,0.032
2019-07-18,0.04
2019-07-19,0.041
2019-07-20,0.022
2019-07-21,0.016
2019-07-22,0.031
2019-07-23,0.028
2019-07-24,0.029
2019-07-25,0.034
2019-07-26,0.029
2019-07-27,0.03
2019-07-28,0.019
2019-07-29,0.017
2019-07-30,0.019
2019-07-31,0.026
2019-08-01,0.019
2019-08-02,0.021
2019-08-03,0.029
2019-08-04,0.026
2019-08-05,0.03
2019-08-06,0.031
2019-08-07,0.022
2019-08-08,0.026
2019-08-09,0.025
2019-08-10,0.03
2019-08-11,0.018
2019-08-12,0.025
2019-08-13,0.03
2019-08-14,0.031
2019-08-15,0.013
2019-08-16,0.024
2019-08-17,0.025
2019-08-18,0.02
2019-08-19,0.029
2019-08-20,0.04
2019-08-21,0.031
2019-08-22,0.024
2019-08-23,0.02
2019-08-24,0.026
2019-08-25,0.021
2019-08-26,0.035
2019-08-27,0.033
2019-08-28,0.026
2019-08-29,0.039
2019-08-30,0.021
2019-08-31,0.022
2019-09-01,0.023
2019-09-02,0.032
2019-09-03,0.038
2019-09-04,0.031
2019-09-05,0.028
2019-09-06,0.031
2019-09-07,0.014
2019-09-08,0.022
2019-09-09,0.038
2019-09-10,0.036
2019-09-11,0.032
2019-09-12,0.022
2019-09-13,0.023
2019-09-14,0.029
2019-09-15,0.017
2019-09-16,0.023
2019-09-17,0.033
2019-09-18,0.017
2019-09-19,0.024
2019-09-20,0.032
2019-09-21,0.034
2019-09-22,0.021
2019-09-23,0.018
2019-09-24,0.031
2019-09-25,0.042
2019-09-26,0.041
2019-09-27,0.036
2019-09-28,0.031
2019-09-29,0.023
2019-09-30,0.04
2019-10-01,0.046
2019-10-02,0.029
2019-10-03,0.015
2019-10-04,0.032
2019-10-05,0.023
2019-10-06,0.021
2019-10-07,0.025
2019-10-08,0.017
2019-10-09,0.025
2019-10-10,0.038
2019-10-11,0.034
2019-10-12,0.025
2019-10-13,0.026
2019-10-14,0.022
2019-10-15,0.028
2019-10-16,0.029
2019-10-17,0.038
2019-10-18,0.039
2019-10-19,0.026
2019-10-20,0.029
2019-10-21,0.044
2019-10-22,0.043
2019-10-23,0.041
2019-10-24,0.039
2019-10-25,0.025
2019-10-26,0.017
2019-10-27,0.023
2019-10-28,0.038
2019-10-29,0.019
2019-10-30,0.032
2019-10-31,0.044
2019-11-01,0.037
2019-11-02,0.056
2019-11-03,0.032
2019-11-04,0.033
2019-11-05,0.038
2019-11-06,0.043
2019-11-07,0.023
2019-11-08,0.033
2019-11-09,0.041
2019-11-10,0.042
2019-11-11,0.023
2019-11-12,0.041
2019-11-13,0.034
2019-11-14,0.021
2019-11-15,0.046
2019-11-16,0.04
2019-11-17,0.04
2019-11-18,0.016
2019-11-19,0.014
2019-11-20,0.027
2019-11-21,0.048
2019-11-22,0.052
2019-11-23,0.052
2019-11-24,0.034
2019-11-25,0.022
2019-11-26,0.039
2019-11-27,0.023
2019-11-28,0.035
2019-11-29,0.034
2019-11-30,0.05
2019-12-01,0.036
2019-12-02,0.017
2019-12-03,0.041
2019-12-04,0.033
2019-12-05,0.015
2019-12-06,0.03
2019-12-07,0.054
2019-12-08,0.045
2019-12-09,0.054
2019-12-10,0.055
2019-12-11,0.033
2019-12-12,0.015
2019-12-13,0.045
2019-12-14,0.026
2019-12-15,0.044
2019-12-16,0.053
2019-12-17,0.035
2019-12-18,0.025
2019-12-19,0.025
2019-12-20,0.024
2019-12-21,0.048
2019-12-22,0.044
2019-12-23,0.032
2019-12-24,0.041
2019-12-25,0.04
2019-12-26,0.027
2019-12-27,0.021
2019-12-28,0.04
2019-12-29,0.037
2019-12-30,0.03
2019-12-31,0.012
2020-01-01,0.036
2020-01-02,0.038
2020-01-03,0.033
2020-01-04,0.035
2020-01-05,0.041
2020-01-06,0.043
2020-01-07,0.034
2020-01-08,0.02
2020-01-09,0.018
2020-01-10,0.033
2020-01-11,0.03
2020-01-12,0.016
2020-01-13,0.017
2020-01-14,0.029
2020-01-15,0.025
2020-01-16,0.03
2020-01-17,0.039
2020-01-18,0.037
2020-01-19,0.032
2020-01-20,0.021
2020-01-21,0.035
2020-01-22,0.046
2020-01-23,0.035
2020-01-24,0.025
2020-01-25,0.031
2020-01-26,0.024
2020-01-27,0.014
2020-01-28,0.023
2020-01-29,0.032
2020-01-30,0.027
2020-01-31,0.028
2020-02-01,0.032
2020-02-02,0.025
2020-02-03,0.014
2020-02-04,0.023
2020-02-05,0.01
2020-02-06,0.021
2020-02-07,0.022
2020-02-08,0.011
2020-02-09,0.023
2020-02-10,0.039
2020-02-11,0.05
2020-02-12,0.052
2020-02-13,0.032
2020-02-14,0.04
2020-02-15,0.037
2020-02-16,0.012
2020-02-17,0.011
2020-02-18,0.019
2020-02-19,0.041
2020-02-20,0.044
2020-02-21,0.045
2020-02-22,0.016
2020-02-23,0.019
2020-02-24,0.041
2020-02-25,0.034
2020-02-26,0.025
2020-02-27,0.024
2020-02-28,0.039
2020-02-29,0.027
2020-03-01,0.028
2020-03-02,0.017
2020-03-03,0.035
2020-03-04,0.016
2020-03-05,0.019
2020-03-06,0.042
2020-03-07,0.043
2020-03-08,0.034
2020-03-09,0.039
2020-03-10,0.019
2020-03-11,0.016
2020-03-12,0.029
2020-03-13,0.013
2020-03-14,0.016
2020-03-15,0.01
2020-03-16,0.019
2020-03-17,0.034
2020-03-18,0.04
2020-03-19,0.018
2020-03-20,0.021
2020-03-21,0.027
2020-03-22,0.01
2020-03-23,0.029
2020-03-24,0.032
2020-03-25,0.036
2020-03-26,0.039
2020-03-27,0.013
2020-03-28,0.009
2020-03-29,0.018
2020-03-30,0.036
2020-03-31,0.037
2020-04-01,0.018
2020-04-02,0.026
2020-04-03,0.03
2020-04-04,0.014
2020-04-05,0.013
2020-04-06,0.032
2020-04-07,0.027
2020-04-08,0.011
2020-04-09,0.019
2020-04-10,0.026
2020-04-11,0.025
2020-04-12,0.017
2020-04-13,0.017
2020-04-14,0.032
2020-04-15,0.029
2020-04-16,0.031
2020-04-17,0.026
2020-04-18,0.015
2020-04-19,0.019
2020-04-20,0.019
2020-04-21,0.012
2020-04-22,0.01
2020-04-23,0.013
2020-04-24,0.021
2020-04-25,0.019
2020-04-26,0.011
2020-04-27,0.02
2020-04-28,0.024
2020-04-29,0.027
2020-04-30,0.024
2020-05-01,0.015
2020-05-02,0.014
2020-05-03,0.014
2020-05-04,0.022
2020-05-05,0.024
2020-05-06,0.027
2020-05-07,0.026
2020-05-08,0.027
2020-05-09,0.02
2020-05-10,0.016
2020-05-11,0.021
2020-05-12,0.018
2020-05-13,0.022
2020-05-14,0.036
2020-05-15,0.033
2020-05-16,0.023
2020-05-17,0.018
2020-05-18,0.025
2020-05-19,0.015
2020-05-20,0.017
2020-05-21,0.027
2020-05-22,0.029
2020-05-23,0.021
2020-05-24,0.014
2020-05-25,0.024
2020-05-26,0.022
2020-05-27,0.016
2020-05-28,0.023
2020-05-29,0.024
2020-05-30,0.026
2020-05-31,0.017
2020-06-01,0.015
2020-06-02,0.026
2020-06-03,0.021
2020-06-04,0.021
2020-06-05,0.022
2020-06-06,0.025
2020-06-07,0.015
2020-06-08,0.023
2020-06-09,0.024
2020-06-10,0.028
2020-06-11,0.017
2020-06-12,0.035
2020-06-13,0.028
2020-06-14,0.015
2020-06-15,0.023
2020-06-16,0.028
2020-06-17,0.03
2020-06-18,0.029
2020-06-19,0.021
2020-06-20,0.024
2020-06-21,0.015
2020-06-22,0.025
2020-06-23,0.036
2020-06-24,0.032
2020-06-25,0.022
2020-06-26,0.022
2020-06-27,0.02
2020-06-28,0.01
2020-06-29,0.031
2020-06-30,0.012
2020-07-01,0.024
2020-07-02,0.031
2020-07-03,0.026
2020-07-04,0.017
2020-07-05,0.015
2020-07-06,0.021
2020-07-07,0.014
2020-07-08,0.022
2020-07-09,0.033
2020-07-10,0.019
2020-07-11,0.017
2020-07-12,0.018
2020-07-13,0.019
2020-07-14,0.015
2020-07-15,0.018
2020-07-16,0.022
2020-07-17,0.025
2020-07-18,0.027
2020-07-19,0.019
2020-07-20,0.017
2020-07-21,0.02
2020-07-22,0.031
2020-07-23,0.025
2020-07-24,0.018
2020-07-25,0.013
2020-07-26,0.016
2020-07-27,0.021
2020-07-28,0.022
2020-07-29,0.022
2020-07-30,0.024
2020-07-31,0.022
2020-08-01,0.015
2020-08-02,0.014
2020-08-03,0.019
2020-08-04,0.014
2020-08-05,0.016
2020-08-06,0.021
2020-08-07,0.029
2020-08-08,0.023
2020-08-09,0.015
2020-08-10,0.017
2020-08-11,0.027
2020-08-12,0.028
2020-08-13,0.024
2020-08-14,0.021
2020-08-15,0.022
2020-08-16,0.013
2020-08-17,0.018
2020-08-18,0.021
2020-08-19,0.017
2020-08-20,0.024
2020-08-21,0.024
2020-08-22,0.024
2020-08-23,0.016
2020-08-24,0.027
2020-08-25,0.024
2020-08-26,0.026
2020-08-27,0.021
2020-08-28,0.023
2020-08-29,0.021
2020-08-30,0.017
2020-08-31,0.027
2020-09-01,0.031
2020-09-02,0.024
2020-09-03,0.016
2020-09-04,0.026
2020-09-05,0.034
2020-09-06,0.02
2020-09-07,0.015
2020-09-08,0.02
2020-09-09,0.026
2020-09-10,0.029
2020-09-11,0.031
2020-09-12,0.021
2020-09-13,0.011
2020-09-14,0.018
2020-09-15,0.028
2020-09-16,0.033
2020-09-17,0.022
2020-09-18,0.018
2020-09-19,0.02
2020-09-20,0.011
2020-09-21,0.024
2020-09-22,0.024
2020-09-23,0.021
2020-09-24,0.023
2020-09-25,0.022
2020-09-26,0.018
2020-09-27,0.016
2020-09-28,0.025
2020-09-29,0.023
2020-09-30,0.019
2020-10-01,0.017
2020-10-02,0.019
2020-10-03,0.015
2020-10-04,0.01
2020-10-05,0.011
2020-10-06,0.015
2020-10-07,0.024
2020-10-08,0.026
2020-10-09,0.021
2020-10-10,0.021
2020-10-11,0.02
2020-10-12,0.024
2020-10-13,0.017
2020-10-14,0.022
2020-10-15,0.023
2020-10-16,0.034
2020-10-17,0.022
2020-10-18,0.022
2020-10-19,0.033
2020-10-20,0.038
2020-10-21,0.044
2020-10-22,0.023
2020-10-23,0.013
2020-10-24,0.014
2020-10-25,0.024
2020-10-26,0.034
2020-10-27,0.037
2020-10-28,0.015
2020-10-29,0.026
2020-10-30,0.035
2020-10-31,0.031
2020-11-01,0.025
2020-11-02,0.021
2020-11-03,0.01
2020-11-04,0.017
2020-11-05,0.037
2020-11-06,0.043
2020-11-07,0.024
2020-11-08,0.01
2020-11-09,0.017
2020-11-10,0.021
2020-11-11,0.037
2020-11-12,0.05
2020-11-13,0.043
2020-11-14,0.039
2020-11-15,0.035
2020-11-16,0.04
2020-11-17,0.048
2020-11-18,0.044
2020-11-19,0.021
2020-11-20,0.012
2020-11-21,0.031
2020-11-22,0.014
2020-11-23,0.018
2020-11-24,0.036
2020-11-25,0.04
2020-11-26,0.04
2020-11-27,0.021
2020-11-28,0.011
2020-11-29,0.015
2020-11-30,0.023
2020-12-01,0.029
2020-12-02,0.029
2020-12-03,0.017
2020-12-04,0.026
2020-12-05,0.041
2020-12-06,0.037
2020-12-07,0.028
2020-12-08,0.022
2020-12-09,0.048
2020-12-10,0.049
2020-12-11,0.039
2020-12-12,0.024
2020-12-13,0.025
2020-12-14,0.011
2020-12-15,0.012
2020-12-16,0.016
2020-12-17,0.039
2020-12-18,0.03
2020-12-19,0.014
2020-12-20,0.023
2020-12-21,0.05
2020-12-22,0.051
2020-12-23,0.052
2020-12-24,0.026
2020-12-25,0.021
2020-12-26,0.044
2020-12-27,0.043
2020-12-28,0.047
2020-12-29,0.029
2020-12-30,0.01
2020-12-31,0.016
2021-01-01,0.026
2021-01-02,0.013
2021-01-03,0.018
2021-01-04,0.041
2021-01-05,0.017
2021-01-06,0.026
2021-01-07,0.009
2021-01-08,0.011
2021-01-09,0.016
2021-01-10,0.038
2021-01-11,0.041
2021-01-12,0.053
2021-01-13,0.046
2021-01-14,0.042
2021-01-15,0.045
2021-01-16,0.016
2021-01-17,0.018
2021-01-18,0.024
2021-01-19,0.035
2021-01-20,0.054
2021-01-21,0.056
2021-01-22,0.044
2021-01-23,0.032
2021-01-24,0.03
2021-01-25,0.046
2021-01-26,0.04
2021-01-27,0.024
2021-01-28,0.026
2021-01-29,0.013
2021-01-30,0.036
2021-01-31,0.043
2021-02-01,0.037
2021-02-02,0.013
2021-02-03,0.028
2021-02-04,0.022
2021-02-05,0.047
2021-02-06,0.038
2021-02-07,0.015
2021-02-08,0.012
2021-02-09,0.029
2021-02-10,0.041
2021-02-11,0.036
2021-02-12,0.039
2021-02-13,0.047
2021-02-14,0.053
2021-02-15,0.026
2021-02-16,0.015
2021-02-17,0.008
2021-02-18,0.013
2021-02-19,0.034
2021-02-20,0.041
2021-02-21,0.04
2021-02-22,0.029
2021-02-23,0.015
2021-02-24,0.036
2021-02-25,0.057
2021-02-26,0.043
2021-02-27,0.027
2021-02-28,0.034
2021-03-01,0.031
2021-03-02,0.021
2021-03-03,0.043
2021-03-04,0.051
2021-03-05,0.041
2021-03-06,0.03
2021-03-07,0.02
2021-03-08,0.034
2021-03-09,0.038
2021-03-10,0.047
2021-03-11,0.053
2021-03-12,0.04
2021-03-13,0.03
2021-03-14,0.032
2021-03-15,0.037
2021-03-16,0.017
2021-03-17,0.031
2021-03-18,0.046
2021-03-19,0.036
2021-03-20,0.028
2021-03-21,0.013
2021-03-22,0.023
2021-03-23,0.033
2021-03-24,0.031
2021-03-25,0.043
2021-03-26,0.055
2021-03-27,0.058
2021-03-28,0.027
2021-03-29,0.027
2021-03-30,0.03
2021-03-31,0.038
2021-04-01,0.033
2021-04-02,0.032
2021-04-03,0.041
2021-04-04,0.021
2021-04-05,0.024
2021-04-06,0.027
2021-04-07,0.03
2021-04-08,0.019
2021-04-09,0.025
2021-04-10,0.024
2021-04-11,0.027
2021-04-12,0.04
2021-04-13,0.022
2021-04-14,0.019
2021-04-15,0.032
2021-04-16,0.031
2021-04-17,0.024
2021-04-18,0.016
2021-04-19,0.033
2021-04-20,0.039
2021-04-21,0.047
2021-04-22,0.041
2021-04-23,0.035
2021-04-24,0.024
2021-04-25,0.024
2021-04-26,0.027
2021-04-27,0.031
2021-04-28,0.036
2021-04-29,0.035
2021-04-30,0.029
2021-05-01,0.02
2021-05-02,0.019
2021-05-03,0.033
2021-05-04,0.049
2021-05-05,0.025
2021-05-06,0.038
2021-05-07,0.032
2021-05-08,0.026
2021-05-09,0.019
2021-05-10,0.042
2021-05-11,0.037
2021-05-12,0.039
2021-05-13,0.046
2021-05-14,0.054
2021-05-15,0.052
2021-05-16,0.047
2021-05-17,0.04
2021-05-18,0.041
2021-05-19,0.032
2021-05-20,0.038
2021-05-21,0.036
2021-05-22,0.039
2021-05-23,0.036
2021-05-24,0.034
2021-05-25,0.034
2021-05-26,0.039
2021-05-27,0.042
2021-05-28,0.044
2021-05-29,0.032
2021-05-30,0.036
2021-05-31,0.053
2021-06-01,0.048
2021-06-02,0.049
2021-06-03,0.047
2021-06-04,0.039
2021-06-05,0.04
2021-06-06,0.044
2021-06-07,0.057
2021-06-08,0.057
2021-06-09,0.057
2021-06-10,0.06
2021-06-11,0.045
2021-06-12,0.044
2021-06-13,0.049
2021-06-14,0.065
2021-06-15,0.054
2021-06-16,0.046
2021-06-17,0.05
2021-06-18,0.052
2021-06-19,0.049
2021-06-20,0.049
2021-06-21,0.045
2021-06-22,0.051
2021-06-23,0.052
2021-06-24,0.054
2021-06-25,0.055
2021-06-26,0.052
2021-06-27,0.05
2021-06-28,0.058
2021-06-29,0.056
2021-06-30,0.066
2021-07-01,0.021
2021-07-02,0.019
2021-07-03,0.014
2021-07-04,0.018
2021-07-05,0.026
2021-07-06,0.029
2021-07-07,0.02
2021-07-08,0.02
2021-07-09,0.024
2021-07-10,0.02
2021-07-11,0.016
2021-07-12,0.032
2021-07-13,0.029
2021-07-14,0.023
2021-07-15,0.023
2021-07-16,0.024
2021-07-17,0.019
2021-07-18,0.015
2021-07-19,0.021
2021-07-20,0.026
2021-07-21,0.029
2021-07-22,0.028
2021-07-23,0.03
2021-07-24,0.028
2021-07-25,0.018
2021-07-26,0.021
2021-07-27,0.025
2021-07-28,0.031
2021-07-29,0.028
2021-07-30,0.03
2021-07-31,0.018
2021-08-01,0.013
2021-08-02,0.025
2021-08-03,0.024
2021-08-04,0.021
2021-08-05,0.02
2021-08-06,0.019
2021-08-07,0.015
2021-08-08,0.017
2021-08-09,0.019
2021-08-10,0.022
2021-08-11,0.027
2021-08-12,0.031
2021-08-13,0.031
2021-08-14,0.021
2021-08-15,0.024
2021-08-16,0.021
2021-08-17,0.023
2021-08-18,0.025
2021-08-19,0.027
2021-08-20,0.03
2021-08-21,0.025
2021-08-22,0.016
2021-08-23,0.031
2021-08-24,0.024
2021-08-25,0.029
2021-08-26,0.032
2021-08-27,0.029
2021-08-28,0.026
2021-08-29,0.014
2021-08-30,0.021
2021-08-31,0.03
2021-09-01,0.029
2021-09-02,0.026
2021-09-03,0.027
2021-09-04,0.024
2021-09-05,0.017
2021-09-06,0.025
2021-09-07,0.026
2021-09-08,0.018
2021-09-09,0.033
2021-09-10,0.031
2021-09-11,0.026
2021-09-12,0.018
2021-09-13,0.034
2021-09-14,0.03
2021-09-15,0.025
2021-09-16,0.026
2021-09-17,0.025
2021-09-18,0.016
2021-09-19,0.018
2021-09-20,0.015
2021-09-21,0.012
2021-09-22,0.01
2021-09-23,0.013
2021-09-24,0.023
2021-09-25,0.019
2021-09-26,0.016
2021-09-27,0.025
2021-09-28,0.028
2021-09-29,0.021
2021-09-30,0.022
2021-10-01,0.025
2021-10-02,0.026
2021-10-03,0.026
2021-10-04,0.026
2021-10-05,0.02
2021-10-06,0.025
2021-10-07,0.021
2021-10-08,0.026
2021-10-09,0.026
2021-10-10,0.015
2021-10-11,0.016
2021-10-12,0.027
2021-10-13,0.031
2021-10-14,0.023
2021-10-15,0.018
2021-10-16,0.008
2021-10-17,0.007
2021-10-18,0.03
2021-10-19,0.023
2021-10-20,0.027
2021-10-21,0.031
2021-10-22,0.031
2021-10-23,0.034
2021-10-24,0.027
2021-10-25,0.031
2021-10-26,0.04
2021-10-27,0.029
2021-10-28,0.036
2021-10-29,0.037
2021-10-30,0.036
2021-10-31,0.027
2021-11-01,0.025
2021-11-02,0.026
2021-11-03,0.03
2021-11-04,0.043
2021-11-05,0.046
2021-11-06,0.043
2021-11-07,0.035
2021-11-08,0.018
2021-11-09,0.021
2021-11-10,0.014
2021-11-11,0.014
2021-11-12,0.015
2021-11-13,0.035
2021-11-14,0.033
2021-11-15,0.034
2021-11-16,0.031
2021-11-17,0.038
2021-11-18,0.045
2021-11-19,0.04
2021-11-20,0.047
2021-11-21,0.044
2021-11-22,0.013
2021-11-23,0.015
2021-11-24,0.032
2021-11-25,0.03
2021-11-26,0.026
2021-11-27,0.03
2021-11-28,0.043
2021-11-29,0.053
2021-11-30,0.031
2021-12-01,0.009
2021-12-02,0.029
2021-12-03,0.016
2021-12-04,0.024
2021-12-05,0.036
2021-12-06,0.049
2021-12-07,0.042
2021-12-08,0.045
2021-12-09,0.044
2021-12-10,0.038
2021-12-11,0.03
2021-12-12,0.012
2021-12-13,0.02
2021-12-14,0.044
2021-12-15,0.04
2021-12-16,0.039
2021-12-17,0.011
2021-12-18,0.028
2021-12-19,0.025
2021-12-20,0.049
2021-12-21,0.031
2021-12-22,0.036
2021-12-23,0.047
2021-12-24,0.032
2021-12-25,0.008
2021-12-26,0.007
2021-12-27,0.038
2021-12-28,0.046
2021-12-29,0.043
2021-12-30,0.018
2021-12-31,0.012
2022-01-01,0.035
2022-01-02,0.03
2022-01-03,0.038
2022-01-04,0.023
2022-01-05,0.041
2022-01-06,0.035
2022-01-07,0.045
2022-01-08,0.053
2022-01-09,0.029
2022-01-10,0.048
2022-01-11,0.013
2022-01-12,0.016
2022-01-13,0.012
2022-01-14,0.028
2022-01-15,0.051
2022-01-16,0.022
2022-01-17,0.022
2022-01-18,0.02
2022-01-19,0.039
2022-01-20,0.033
2022-01-21,0.046
2022-01-22,0.054
2022-01-23,0.04
2022-01-24,0.041
2022-01-25,0.036
2022-01-26,0.028
2022-01-27,0.028
2022-01-28,0.017
2022-01-29,0.014
2022-01-30,0.02
2022-01-31,0.025
2022-02-01,0.013
2022-02-02,0.013
2022-02-03,0.019
2022-02-04,0.015
2022-02-05,0.01
2022-02-06,0.018
2022-02-07,0.031
2022-02-08,0.035
2022-02-09,0.045
2022-02-10,0.038
2022-02-11,0.051
2022-02-12,0.037
2022-02-13,0.036
2022-02-14,0.036
2022-02-15,0.014
2022-02-16,0.011
2022-02-17,0.016
2022-02-18,0.045
2022-02-19,0.023
2022-02-20,0.009
2022-02-21,0.026
2022-02-22,0.013
2022-02-23,0.013
2022-02-24,0.021
2022-02-25,0.045
2022-02-26,0.023
2022-02-27,0.022
2022-02-28,0.04
2022-03-01,0.022
2022-03-02,0.027
2022-03-03,0.029
2022-03-04,0.042
2022-03-05,0.011
2022-03-06,0.012
2022-03-07,0.036
2022-03-08,0.041
2022-03-09,0.03
2022-03-10,0.043
2022-03-11,0.046
2022-03-12,0.033
2022-03-13,0.017
2022-03-14,0.027
2022-03-15,0.031
2022-03-16,0.035
2022-03-17,0.025
2022-03-18,0.021
2022-03-19,0.02
2022-03-20,0.017
2022-03-21,0.023
2022-03-22,0.024
2022-03-23,0.029
2022-03-24,0.035
2022-03-25,0.044
2022-03-26,0.018
2022-03-27,0.015
2022-03-28,0.024
2022-03-29,0.03
2022-03-30,0.035
2022-03-31,0.016
2022-04-01,0.019
2022-04-02,0.024
2022-04-03,0.024
2022-04-04,0.03
2022-04-05,0.033
2022-04-06,0.021
2022-04-07,0.018
2022-04-08,0.033
2022-04-09,0.031
2022-04-10,0.018
2022-04-11,0.027
2022-04-12,0.018
2022-04-13,0.024
2022-04-14,0.019
2022-04-15,0.017
2022-04-16,0.019
2022-04-17,0.022
2022-04-18,0.032
2022-04-19,0.033
2022-04-20,0.033
2022-04-21,0.031
2022-04-22,0.024
2022-04-23,0.027
2022-04-24,0.018
2022-04-25,0.028
2022-04-26,0.019
2022-04-27,0.016
2022-04-28,0.027
2022-04-29,0.018
2022-04-30,0.016
2022-05-01,0.014
2022-05-02,0.019
2022-05-03,0.023
2022-05-04,0.031
2022-05-05,0.021
2022-05-06,0.022
2022-05-07,0.011
2022-05-08,0.017
2022-05-09,0.021
2022-05-10,0.03
2022-05-11,0.021
2022-05-12,0.021
2022-05-13,0.018
2022-05-14,0.012
2022-05-15,0.009
2022-05-16,0.02
2022-05-17,0.028
2022-05-18,0.028
2022-05-19,0.023
2022-05-20,0.024
2022-05-21,0.02
2022-05-22,0.014
2022-05-23,0.027
2022-05-24,0.021
2022-05-25,0.023
2022-05-26,0.016
2022-05-27,0.017
2022-05-28,0.026
2022-05-29,0.014
2022-05-30,0.015
2022-05-31,0.023
2022-06-01,0.023
2022-06-02,0.021
2022-06-03,0.026
2022-06-04,0.028
2022-06-05,0.02
2022-06-06,0.012
2022-06-07,0.018
2022-06-08,0.02
2022-06-09,0.018
2022-06-10,0.02
2022-06-11,0.02
2022-06-12,0.015
2022-06-13,0.021
2022-06-14,0.017
2022-06-15,0.021
2022-06-16,0.018
2022-06-17,0.026
2022-06-18,0.02
2022-06-19,0.016
2022-06-20,0.019
2022-06-21,0.021
2022-06-22,0.023
2022-06-23,0.028
2022-06-24,0.02
2022-06-25,0.02
2022-06-26,0.014
2022-06-27,0.013
2022-06-28,0.01
2022-06-29,0.013
2022-06-30,0.028
2022-07-01,0.021
2022-07-02,0.019
2022-07-03,0.014
2022-07-04,0.018
2022-07-05,0.026
2022-07-06,0.029
2022-07-07,0.02
2022-07-08,0.02
2022-07-09,0.015
2022-07-10,0.021
2022-07-11,0.025
2022-07-12,0.025
2022-07-13,0.026
2022-07-14,0.015
2022-07-15,0.02
2022-07-16,0.023
2022-07-17,0.016
2022-07-18,0.025
2022-07-19,0.017
2022-07-20,0.021
2022-07-21,0.014
2022-07-22,0.015
2022-07-23,0.026
2022-07-24,0.015
2022-07-25,0.015
2022-07-26,0.024
2022-07-27,0.031
2022-07-28,0.027
2022-07-29,0.024
2022-07-30,0.02
2022-07-31,0.014
2022-08-01,0.018
2022-08-02,0.017
2022-08-03,0.017
2022-08-04,0.015
2022-08-05,0.02
2022-08-06,0.019
2022-08-07,0.014
2022-08-08,0.019
2022-08-09,0.021
2022-08-10,0.029
2022-08-11,0.024
2022-08-12,0.02
2022-08-13,0.027
2022-08-14,0.015
2022-08-15,0.009
2022-08-16,0.017
2022-08-17,0.024
2022-08-18,0.021
2022-08-19,0.026
2022-08-20,0.013
2022-08-21,0.013
2022-08-22,0.022
2022-08-23,0.015
2022-08-24,0.023
2022-08-25,0.021
2022-08-26,0.017
2022-08-27,0.009
2022-08-28,0.015
2022-08-29,0.022
2022-08-30,0.021
2022-08-31,0.016
2022-09-01,0.02
2022-09-02,0.025
2022-09-03,0.02
2022-09-04,0.014
2022-09-05,0.016
2022-09-06,0.013
2022-09-07,0.023
2022-09-08,0.029
2022-09-09,0.021
2022-09-10,0.017
2022-09-11,0.015
2022-09-12,0.014
2022-09-13,0.023
2022-09-14,0.02
2022-09-15,0.025
2022-09-16,0.026
2022-09-17,0.018
2022-09-18,0.015
2022-09-19,0.012
2022-09-20,0.015
2022-09-21,0.025
2022-09-22,0.027
2022-09-23,0.021
2022-09-24,0.014
2022-09-25,0.019
2022-09-26,0.024
2022-09-27,0.033
2022-09-28,0.036
2022-09-29,0.031
2022-09-30,0.033
2022-10-01,0.036
2022-10-02,0.027
2022-10-03,0.02
2022-10-04,0.01
2022-10-05,0.018
2022-10-06,0.016
2022-10-07,0.01
2022-10-08,0.023
2022-10-09,0.019
2022-10-10,0.009
2022-10-11,0.011
2022-10-12,0.028
2022-10-13,0.031
2022-10-14,0.03
2022-10-15,0.026
2022-10-16,0.024
2022-10-17,0.01
2022-10-18,0.012
2022-10-19,0.022
2022-10-20,0.033
2022-10-21,0.039
2022-10-22,0.033
2022-10-23,0.011
2022-10-24,0.013
2022-10-25,0.026
2022-10-26,0.031
2022-10-27,0.03
2022-10-28,0.031
2022-10-29,0.03
2022-10-30,0.026
2022-10-31,0.028
2022-11-01,0.021
2022-11-02,0.028
2022-11-03,0.026
2022-11-04,0.011
2022-11-05,0.025
2022-11-06,0.029
2022-11-07,0.041
2022-11-08,0.032
2022-11-09,0.038
2022-11-10,0.039
2022-11-11,0.047
2022-11-12,0.046
2022-11-13,0.013
2022-11-14,0.023
2022-11-15,0.029
2022-11-16,0.028
2022-11-17,0.04
2022-11-18,0.043
2022-11-19,0.037
2022-11-20,0.031
2022-11-21,0.039
2022-11-22,0.037
2022-11-23,0.019
2022-11-24,0.034
2022-11-25,0.036
2022-11-26,0.013
2022-11-27,0.023
2022-11-28,0.04
2022-11-29,0.015
2022-11-30,0.008
2022-12-01,0.013
2022-12-02,0.03
2022-12-03,0.031
2022-12-04,0.009
2022-12-05,0.019
2022-12-06,0.035
2022-12-07,0.029
2022-12-08,0.034
2022-12-09,0.041
2022-12-10,0.043
2022-12-11,0.028
2022-12-12,0.048
2022-12-13,0.018
2022-12-14,0.009
2022-12-15,0.039
2022-12-16,0.025
2022-12-17,0.018
2022-12-18,0.009
2022-12-19,0.028
2022-12-20,0.046
2022-12-21,0.043
2022-12-22,0.012
2022-12-23,0.01
2022-12-24,0.031
2022-12-25,0.038
2022-12-26,0.053
2022-12-27,0.049
2022-12-28,0.027
2022-12-29,0.033
2022-12-30,0.038
2022-12-31,0.05
2008-04-01,0.037
2008-04-02,0.06
2008-04-03,0.047
2008-04-04,0.065
2008-04-05,0.072
2008-04-06,0.068
2008-04-07,0.048
2008-04-08,0.073
2008-04-09,0.07
2008-04-10,0.056
2008-04-11,0.073
2008-04-12,0.073
2008-04-13,0.047
2008-04-14,0.067
2008-04-15,0.083
2008-04-16,0.078
2008-04-17,0.085
2008-04-18,0.064
2008-04-19,0.081
2008-04-20,0.073
2008-04-21,0.079
2008-04-22,0.076
2008-04-23,0.039
2008-04-24,0.039
2008-04-25,0.073
2008-04-26,0.045
2008-04-27,0.039
2008-04-28,0.067
2008-04-29,0.074
2008-04-30,0.059
2008-05-01,0.043
2008-05-02,0.049
2008-05-03,0.054
2008-05-04,0.056
2008-05-05,0.028
2008-05-06,0.059
2008-05-07,0.066
2008-05-08,0.059
2008-05-09,0.076
2008-05-10,0.068
2008-05-11,0.05
2008-05-12,0.057
2008-05-13,0.056
2008-05-14,0.034
2008-05-15,0.048
2008-05-16,0.063
2008-05-17,0.066
2008-05-18,0.064
2008-05-19,0.038
2008-05-20,0.056
2008-05-21,0.076
2008-05-22,0.063
2008-05-23,0.062
2008-05-24,0.059
2008-05-25,0.035
2008-05-26,0.054
2008-05-27,0.077
2008-05-28,0.054
2008-05-29,0.065
2008-05-30,0.056
2008-05-31,0.053
2008-06-01,0.061
2008-06-02,0.066
2008-06-03,0.053
2008-06-04,0.059
2008-06-05,0.056
2008-06-06,0.043
2008-06-07,0.046
2008-06-08,0.046
2008-06-09,0.05
2008-06-10,0.065
2008-06-11,0.066
2008-06-12,0.058
2008-06-13,0.062
2008-06-14,0.062
2008-06-15,0.045
2008-06-16,0.05
2008-06-17,0.075
2008-06-18,0.053
2008-06-19,0.051
2008-06-20,0.056
2008-06-21,0.065
2008-06-22,0.047
2008-06-23,0.059
2008-06-24,0.057
2008-06-25,0.039
2008-06-26,0.041
2008-06-27,0.055
2008-06-28,0.075
2008-06-29,0.049
2008-06-30,0.046
2008-07-01,0.067
2008-07-02,0.053
2008-07-03,0.047
2008-07-04,0.064
2008-07-05,0.059
2008-07-06,0.036
2008-07-07,0.04
2008-07-08,0.036
2008-07-09,0.018
2008-07-10,0.022
2008-07-11,0.052
2008-07-12,0.046
2008-07-13,0.029
2008-07-14,0.042
2008-07-15,0.044
2008-07-16,0.037
2008-07-17,0.049
2008-07-18,0.052
2008-07-19,0.053
2008-07-20,0.038
2008-07-21,0.031
2008-07-22,0.049
2008-07-23,0.053
2008-07-24,0.053
2008-07-25,0.059
2008-07-26,0.048
2008-07-27,0.039
2008-07-28,0.043
2008-07-29,0.031
2008-07-30,0.039
2008-07-31,0.044
2008-08-01,0.033
2008-08-02,0.035
2008-08-03,0.034
2008-08-04,0.058
2008-08-05,0.044
2008-08-06,0.042
2008-08-07,0.06
2008-08-08,0.062
2008-08-09,0.052
2008-08-10,0.052
2008-08-11,0.056
2008-08-12,0.051
2008-08-13,0.041
2008-08-14,0.037
2008-08-15,0.042
2008-08-16,0.049
2008-08-17,0.048
2008-08-18,0.045
2008-08-19,0.034
2008-08-20,0.052
2008-08-21,0.059
2008-08-22,0.057
2008-08-23,0.031
2008-08-24,0.028
2008-08-25,0.049
2008-08-26,0.057
2008-08-27,0.033
2008-08-28,0.03
2008-08-29,0.046
2008-08-30,0.058
2008-08-31,0.057
2008-09-01,0.051
2008-09-02,0.035
2008-09-03,0.04
2008-09-04,0.062
2008-09-05,0.055
2008-09-06,0.052
2008-09-07,0.041
2008-09-08,0.045
2008-09-09,0.061
2008-09-10,0.064
2008-09-11,0.053
2008-09-12,0.051
2008-09-13,0.038
2008-09-14,0.048
2008-09-15,0.04
2008-09-16,0.05
2008-09-17,0.072
2008-09-18,0.062
2008-09-19,0.071
2008-09-20,0.064
2008-09-21,0.047
2008-09-22,0.055
2008-09-23,0.038
2008-09-24,0.047
2008-09-25,0.029
2008-09-26,0.019
2008-09-27,0.032
2008-09-28,0.047
2008-09-29,0.056
2008-09-30,0.055
2008-10-01,0.057
2008-10-02,0.056
2008-10-03,0.043
2008-10-04,0.043
2008-10-05,0.057
2008-10-06,0.051
2008-10-07,0.053
2008-10-08,0.051
2008-10-09,0.063
2008-10-10,0.054
2008-10-11,0.032
2008-10-12,0.042
2008-10-13,0.06
2008-10-14,0.058
2008-10-15,0.072
2008-10-16,0.078
2008-10-17,0.086
2008-10-18,0.089
2008-10-19,0.081
2008-10-20,0.086
2008-10-21,0.09
2008-10-22,0.076
2008-10-23,0.049
2008-10-24,0.027
2008-10-25,0.063
2008-10-26,0.027
2008-10-27,0.028
2008-10-28,0.049
2008-10-29,0.053
2008-10-30,0.047
2008-10-31,0.054
2008-11-01,0.057
2008-11-02,0.042
2008-11-03,0.033
2008-11-04,0.047
2008-11-05,0.079
2008-11-06,0.068
2008-11-07,0.044
2008-11-08,0.054
2008-11-09,0.041
2008-11-10,0.046
2008-11-11,0.061
2008-11-12,0.059
2008-11-13,0.063
2008-11-14,0.067
2008-11-15,0.068
2008-11-16,0.029
2008-11-17,0.031
2008-11-18,0.018
2008-11-19,0.017
2008-11-20,0.062
2008-11-21,0.027
2008-11-22,0.057
2008-11-23,0.049
2008-11-24,0.062
2008-11-25,0.053
2008-11-26,0.063
2008-11-27,0.059
2008-11-28,0.041
2008-11-29,0.027
2008-11-30,0.031
2008-12-01,0.059
2008-12-02,0.046
2008-12-03,0.077
2008-12-04,0.046
2008-12-05,0.013
2008-12-06,0.019
2008-12-07,0.052
2008-12-08,0.073
2008-12-09,0.062
2008-12-10,0.071
2008-12-11,0.03
2008-12-12,0.051
2008-12-13,0.034
2008-12-14,0.03
2008-12-15,0.058
2008-12-16,0.067
2008-12-17,0.057
2008-12-18,0.031
2008-12-19,0.061
2008-12-20,0.035
2008-12-21,0.033
2008-12-22,0.025
2008-12-23,0.057
2008-12-24,0.06
2008-12-25,0.021
2008-12-26,0.024
2008-12-27,0.054
2008-12-28,0.065
2008-12-29,0.048
2008-12-30,0.02
2008-12-31,0.022
2009-01-01,0.023
2009-01-02,0.051
2009-01-03,0.063
2009-01-04,0.056
2009-01-05,0.045
2009-01-06,0.061
2009-01-07,0.063
2009-01-08,0.055
2009-01-09,0.03
2009-01-10,0.023
2009-01-11,0.023
2009-01-12,0.021
2009-01-13,0.038
2009-01-14,0.026
2009-01-15,0.044
2009-01-16,0.073
2009-01-17,0.066
2009-01-18,0.064
2009-01-19,0.046
2009-01-20,0.061
2009-01-21,0.076
2009-01-22,0.059
2009-01-23,0.016
2009-01-24,0.038
2009-01-25,0.038
2009-01-26,0.029
2009-01-27,0.063
2009-01-28,0.076
2009-01-29,0.081
2009-01-30,0.073
2009-01-31,0.051
2009-02-01,0.058
2009-02-02,0.067
2009-02-03,0.063
2009-02-04,0.069
2009-02-05,0.054
2009-02-06,0.065
2009-02-07,0.065
2009-02-08,0.059
2009-02-09,0.048
2009-02-10,0.055
2009-02-11,0.061
2009-02-12,0.081
2009-02-13,0.049
2009-02-14,0.046
2009-02-15,0.017
2009-02-16,0.019
2009-02-17,0.032
2009-02-18,0.039
2009-02-19,0.062
2009-02-20,0.031
2009-02-21,0.057
2009-02-22,0.057
2009-02-23,0.06
2009-02-24,0.058
2009-02-25,0.035
2009-02-26,0.041
2009-02-27,0.057
2009-02-28,0.058
2009-03-01,0.035
2009-03-02,0.048
2009-03-03,0.05
2009-03-04,0.066
2009-03-05,0.074
2009-03-06,0.025
2009-03-07,0.047
2009-03-08,0.06
2009-03-09,0.062
2009-03-10,0.028
2009-03-11,0.042
2009-03-12,0.068
2009-03-13,0.037
2009-03-14,0.026
2009-03-15,0.054
2009-03-16,0.064
2009-03-17,0.065
2009-03-18,0.047
2009-03-19,0.05
2009-03-20,0.058
2009-03-21,0.07
2009-03-22,0.025
2009-03-23,0.029
2009-03-24,0.024
2009-03-25,0.038
2009-03-26,0.042
2009-03-27,0.029
2009-03-28,0.041
2009-03-29,0.047
2009-03-30,0.054
2009-03-31,0.037
2009-04-01,0.03
2009-04-02,0.047
2009-04-03,0.055
2009-04-04,0.043
2009-04-05,0.056
2009-04-06,0.07
2009-04-07,0.077
2009-04-08,0.089
2009-04-09,0.095
2009-04-10,0.089
2009-04-11,0.084
2009-04-12,0.06
2009-04-13,0.061
2009-04-14,0.051
2009-04-15,0.052
2009-04-16,0.041
2009-04-17,0.055
2009-04-18,0.062
2009-04-19,0.063
2009-04-20,0.065
2009-04-21,0.044
2009-04-22,0.029
2009-04-23,0.057
2009-04-24,0.068
2009-04-25,0.032
2009-04-26,0.027
2009-04-27,0.046
2009-04-28,0.061
2009-04-29,0.069
2009-04-30,0.075
2009-05-01,0.065
2009-05-02,0.053
2009-05-03,0.04
2009-05-04,0.062
2009-05-05,0.055
2009-05-06,0.064
2009-05-07,0.069
2009-05-08,0.097
2009-05-09,0.073
2009-05-10,0.045
2009-05-11,0.064
2009-05-12,0.045
2009-05-13,0.045
2009-05-14,0.076
2009-05-15,0.087
2009-05-16,0.069
2009-05-17,0.036
2009-05-18,0.056
2009-05-19,0.072
2009-05-20,0.08
2009-05-21,0.056
2009-05-22,0.046
2009-05-23,0.05
2009-05-24,0.052
2009-05-25,0.055
2009-05-26,0.051
2009-05-27,0.06
2009-05-28,0.066
2009-05-29,0.067
2009-05-30,0.046
2009-05-31,0.042
2009-06-01,0.068
2009-06-02,0.051
2009-06-03,0.053
2009-06-04,0.051
2009-06-05,0.055
2009-06-06,0.051
2009-06-07,0.046
2009-06-08,0.065
2009-06-09,0.067
2009-06-10,0.041
2009-06-11,0.045
2009-06-12,0.035
2009-06-13,0.031
2009-06-14,0.046
2009-06-15,0.048
2009-06-16,0.049
2009-06-17,0.06
2009-06-18,0.077
2009-06-19,0.059
2009-06-20,0.044
2009-06-21,0.034
2009-06-22,0.034
2009-06-23,0.057
2009-06-24,0.057
2009-06-25,0.058
2009-06-26,0.051
2009-06-27,0.045
2009-06-28,0.039
2009-06-29,0.051
2009-06-30,0.05
2009-07-01,0.042
2009-07-02,0.052
2009-07-03,0.049
2009-07-04,0.049
2009-07-05,0.029
2009-07-06,0.055
2009-07-07,0.057
2009-07-08,0.049
2009-07-09,0.043
2009-07-10,0.059
2009-07-11,0.073
2009-07-12,0.035
2009-07-13,0.047
2009-07-14,0.029
2009-07-15,0.048
2009-07-16,0.061
2009-07-17,0.052
2009-07-18,0.022
2009-07-19,0.038
2009-07-20,0.053
2009-07-21,0.026
2009-07-22,0.034
2009-07-23,0.046
2009-07-24,0.043
2009-07-25,0.028
2009-07-26,0.025
2009-07-27,0.037
2009-07-28,0.039
2009-07-29,0.028
2009-07-30,0.037
2009-07-31,0.04
2009-08-01,0.04
2009-08-02,0.033
2009-08-03,0.037
2009-08-04,0.037
2009-08-05,0.043
2009-08-06,0.054
2009-08-07,0.041
2009-08-08,0.04
2009-08-09,0.042
2009-08-10,0.064
2009-08-11,0.043
2009-08-12,0.036
2009-08-13,0.054
2009-08-14,0.06
2009-08-15,0.049
2009-08-16,0.058
2009-08-17,0.059
2009-08-18,0.051
2009-08-19,0.056
2009-08-20,0.037
2009-08-21,0.047
2009-08-22,0.033
2009-08-23,0.032
2009-08-24,0.058
2009-08-25,0.056
2009-08-26,0.059
2009-08-27,0.047
2009-08-28,0.049
2009-08-29,0.051
2009-08-30,0.038
2009-08-31,0.054
2009-09-01,0.059
2009-09-02,0.058
2009-09-03,0.048
2009-09-04,0.062
2009-09-05,0.05
2009-09-06,0.039
2009-09-07,0.042
2009-09-08,0.034
2009-09-09,0.033
2009-09-10,0.045
2009-09-11,0.063
2009-09-12,0.043
2009-09-13,0.036
2009-09-14,0.06
2009-09-15,0.041
2009-09-16,0.047
2009-09-17,0.053
2009-09-18,0.046
2009-09-19,0.056
2009-09-20,0.043
2009-09-21,0.057
2009-09-22,0.046
2009-09-23,0.06
2009-09-24,0.061
2009-09-25,0.072
2009-09-26,0.064
2009-09-27,0.059
2009-09-28,0.04
2009-09-29,0.062
2009-09-30,0.064
2009-10-01,0.044
2009-10-02,0.024
2009-10-03,0.035
2009-10-04,0.028
2009-10-05,0.045
2009-10-06,0.043
2009-10-07,0.06
2009-10-08,0.048
2009-10-09,0.047
2009-10-10,0.048
2009-10-11,0.056
2009-10-12,0.056
2009-10-13,0.066
2009-10-14,0.044
2009-10-15,0.054
2009-10-16,0.068
2009-10-17,0.035
2009-10-18,0.033
2009-10-19,0.033
2009-10-20,0.035
2009-10-21,0.046
2009-10-22,0.063
2009-10-23,0.065
2009-10-24,0.065
2009-10-25,0.058
2009-10-26,0.053
2009-10-27,0.044
2009-10-28,0.063
2009-10-29,0.071
2009-10-30,0.076
2009-10-31,0.062
2009-11-01,0.022
2009-11-02,0.018
2009-11-03,0.061
2009-11-04,0.061
2009-11-05,0.059
2009-11-06,0.074
2009-11-07,0.068
2009-11-08,0.051
2009-11-09,0.049
2009-11-10,0.049
2009-11-11,0.054
2009-11-12,0.059
2009-11-13,0.043
2009-11-14,0.023
2009-11-15,0.014
2009-11-16,0.017
2009-11-17,0.017
2009-11-18,0.032
2009-11-19,0.045
2009-11-20,0.04
2009-11-21,0.029
2009-11-22,0.059
2009-11-23,0.067
2009-11-24,0.073
2009-11-25,0.07
2009-11-26,0.064
2009-11-27,0.044
2009-11-28,0.049
2009-11-29,0.05
2009-11-30,0.039
2009-12-01,0.06
2009-12-02,0.066
2009-12-03,0.038
2009-12-04,0.063
2009-12-05,0.028
2009-12-06,0.018
2009-12-07,0.053
2009-12-08,0.061
2009-12-09,0.063
2009-12-10,0.063
2009-12-11,0.041
2009-12-12,0.033
2009-12-13,0.036
2009-12-14,0.025
2009-12-15,0.021
2009-12-16,0.022
2009-12-17,0.021
2009-12-18,0.023
2009-12-19,0.023
2009-12-20,0.033
2009-12-21,0.057
2009-12-22,0.075
2009-12-23,0.055
2009-12-24,0.071
2009-12-25,0.049
2009-12-26,0.023
2009-12-27,0.036
2009-12-28,0.033
2009-12-29,0.07
2009-12-30,0.034
2009-12-31,0.019
2010-01-01,0.05
2010-01-02,0.041
2010-01-03,0.033
2010-01-04,0.044
2010-01-05,0.022
2010-01-06,0.026
2010-01-07,0.057
2010-01-08,0.067
2010-01-09,0.08
2010-01-10,0.067
2010-01-11,0.05
2010-01-12,0.026
2010-01-13,0.022
2010-01-14,0.066
2010-01-15,0.055
2010-01-16,0.052
2010-01-17,0.066
2010-01-18,0.08
2010-01-19,0.082
2010-01-20,0.071
2010-01-21,0.025
2010-01-22,0.026
2010-01-23,0.03
2010-01-24,0.056
2010-01-25,0.031
2010-01-26,0.052
2010-01-27,0.07
2010-01-28,0.038
2010-01-29,0.045
2010-01-30,0.062
2010-01-31,0.065
2010-02-01,0.048
2010-02-02,0.02
2010-02-03,0.031
2010-02-04,0.033
2010-02-05,0.024
2010-02-06,0.041
2010-02-07,0.062
2010-02-08,0.072
2010-02-09,0.059
2010-02-10,0.053
2010-02-11,0.048
2010-02-12,0.05
2010-02-13,0.023
2010-02-14,0.035
2010-02-15,0.024
2010-02-16,0.028
2010-02-17,0.065
2010-02-18,0.032
2010-02-19,0.058
2010-02-20,0.064
2010-02-21,0.065
2010-02-22,0.057
2010-02-23,0.081
2010-02-24,0.092
2010-02-25,0.055
2010-02-26,0.051
2010-02-27,0.053
2010-02-28,0.037
2010-03-01,0.045
2010-03-02,0.043
2010-03-03,0.051
2010-03-04,0.055
2010-03-05,0.034
2010-03-06,0.048
2010-03-07,0.045
2010-03-08,0.055
2010-03-09,0.049
2010-03-10,0.061
2010-03-11,0.05
2010-03-12,0.052
2010-03-13,0.03
2010-03-14,0.066
2010-03-15,0.042
2010-03-16,0.019
2010-03-17,0.037
2010-03-18,0.035
2010-03-19,0.065
2010-03-20,0.053
2010-03-21,0.019
2010-03-22,0.06
2010-03-23,0.044
2010-03-24,0.053
2010-03-25,0.032
2010-03-26,0.036
2010-03-27,0.051
2010-03-28,0.027
2010-03-29,0.047
2010-03-30,0.059
2010-03-31,0.061
2010-04-01,0.034
2010-04-02,0.04
2010-04-03,0.031
2010-04-04,0.046
2010-04-05,0.057
2010-04-06,0.032
2010-04-07,0.041
2010-04-08,0.068
2010-04-09,0.059
2010-04-10,0.052
2010-04-11,0.048
2010-04-12,0.059
2010-04-13,0.019
2010-04-14,0.019
2010-04-15,0.042
2010-04-16,0.044
2010-04-17,0.043
2010-04-18,0.056
2010-04-19,0.071
2010-04-20,0.053
2010-04-21,0.062
2010-04-22,0.058
2010-04-23,0.045
2010-04-24,0.052
2010-04-25,0.048
2010-04-26,0.076
2010-04-27,0.037
2010-04-28,0.056
2010-04-29,0.043
2010-04-30,0.045
2010-05-01,0.056
2010-05-02,0.058
2010-05-03,0.048
2010-05-04,0.049
2010-05-05,0.051
2010-05-06,0.046
2010-05-07,0.051
2010-05-08,0.059
2010-05-09,0.057
2010-05-10,0.031
2010-05-11,0.044
2010-05-12,0.04
2010-05-13,0.059
2010-05-14,0.056
2010-05-15,0.048
2010-05-16,0.045
2010-05-17,0.065
2010-05-18,0.06
2010-05-19,0.044
2010-05-20,0.066
2010-05-21,0.052
2010-05-22,0.075
2010-05-23,0.044
2010-05-24,0.046
2010-05-25,0.052
2010-05-26,0.052
2010-05-27,0.041
2010-05-28,0.062
2010-05-29,0.051
2010-05-30,0.031
2010-05-31,0.032
2010-06-01,0.053
2010-06-02,0.057
2010-06-03,0.038
2010-06-04,0.038
2010-06-05,0.039
2010-06-06,0.041
2010-06-07,0.059
2010-06-08,0.06
2010-06-09,0.059
2010-06-10,0.092
2010-06-11,0.076
2010-06-12,0.063
2010-06-13,0.037
2010-06-14,0.039
2010-06-15,0.038
2010-06-16,0.044
2010-06-17,0.071
2010-06-18,0.08
2010-06-19,0.051
2010-06-20,0.028
2010-06-21,0.052
2010-06-22,0.06
2010-06-23,0.051
2010-06-24,0.075
2010-06-25,0.102
2010-06-26,0.069
2010-06-27,0.04
2010-06-28,0.041
2010-06-29,0.049
2010-06-30,0.053
2010-07-01,0.067
2010-07-02,0.06
2010-07-03,0.04
2010-07-04,0.04
2010-07-05,0.048
2010-07-06,0.058
2010-07-07,0.037
2010-07-08,0.059
2010-07-09,0.051
2010-07-10,0.06
2010-07-11,0.049
2010-07-12,0.056
2010-07-13,0.053
2010-07-14,0.049
2010-07-15,0.053
2010-07-16,0.058
2010-07-17,0.033
2010-07-18,0.025
2010-07-19,0.029
2010-07-20,0.042
2010-07-21,0.04
2010-07-22,0.026
2010-07-23,0.039
2010-07-24,0.048
2010-07-25,0.025
2010-07-26,0.026
2010-07-27,0.025
2010-07-28,0.046
2010-07-29,0.031
2010-07-30,0.039
2010-07-31,0.04
2010-08-01,0.031
2010-08-02,0.031
2010-08-03,0.051
2010-08-04,0.051
2010-08-05,0.041
2010-08-06,0.028
2010-08-07,0.027
2010-08-08,0.023
2010-08-09,0.039
2010-08-10,0.042
2010-08-11,0.023
2010-08-12,0.045
2010-08-13,0.041
2010-08-14,0.04
2010-08-15,0.033
2010-08-16,0.038
2010-08-17,0.048
2010-08-18,0.047
2010-08-19,0.042
2010-08-20,0.031
2010-08-21,0.029
2010-08-22,0.026
2010-08-23,0.024
2010-08-24,0.036
2010-08-25,0.035
2010-08-26,0.033
2010-08-27,0.036
2010-08-28,0.029
2010-08-29,0.027
2010-08-30,0.031
2010-08-31,0.056
2010-09-01,0.038
2010-09-02,0.033
2010-09-03,0.039
2010-09-04,0.027
2010-09-05,0.037
2010-09-06,0.039
2010-09-07,0.046
2010-09-08,0.059
2010-09-09,0.047
2010-09-10,0.037
2010-09-11,0.035
2010-09-12,0.028
2010-09-13,0.031
2010-09-14,0.045
2010-09-15,0.051
2010-09-16,0.039
2010-09-17,0.045
2010-09-18,0.044
2010-09-19,0.061
2010-09-20,0.044
2010-09-21,0.04
2010-09-22,0.029
2010-09-23,0.02
2010-09-24,0.039
2010-09-25,0.038
2010-09-26,0.041
2010-09-27,0.05
2010-09-28,0.021
2010-09-29,0.038
2010-09-30,0.037
2010-10-01,0.052
2010-10-02,0.05
2010-10-03,0.034
2010-10-04,0.024
2010-10-05,0.032
2010-10-06,0.059
2010-10-07,0.067
2010-10-08,0.055
2010-10-09,0.035
2010-10-10,0.028
2010-10-11,0.054
2010-10-12,0.056
2010-10-13,0.054
2010-10-14,0.032
2010-10-15,0.031
2010-10-16,0.052
2010-10-17,0.034
2010-10-18,0.053
2010-10-19,0.066
2010-10-20,0.056
2010-10-21,0.061
2010-10-22,0.051
2010-10-23,0.06
2010-10-24,0.046
2010-10-25,0.017
2010-10-26,0.019
2010-10-27,0.052
2010-10-28,0.063
2010-10-29,0.052
2010-10-30,0.057
2010-10-31,0.042
2010-11-01,0.04
2010-11-02,0.02
2010-11-03,0.054
2010-11-04,0.06
2010-11-05,0.073
2010-11-06,0.07
2010-11-07,0.078
2010-11-08,0.022
2010-11-09,0.019
2010-11-10,0.035
2010-11-11,0.061
2010-11-12,0.031
2010-11-13,0.059
2010-11-14,0.017
2010-11-15,0.022
2010-11-16,0.052
2010-11-17,0.058
2010-11-18,0.06
2010-11-19,0.071
2010-11-20,0.067
2010-11-21,0.068
2010-11-22,0.021
2010-11-23,0.056
2010-11-24,0.055
2010-11-25,0.029
2010-11-26,0.03
2010-11-27,0.044
2010-11-28,0.029
2010-11-29,0.053
2010-11-30,0.07
2010-12-01,0.077
2010-12-02,0.069
2010-12-03,0.024
2010-12-04,0.05
2010-12-05,0.056
2010-12-06,0.031
2010-12-07,0.037
2010-12-08,0.054
2010-12-09,0.032
2010-12-10,0.066
2010-12-11,0.02
2010-12-12,0.048
2010-12-13,0.064
2010-12-14,0.028
2010-12-15,0.015
2010-12-16,0.034
2010-12-17,0.053
2010-12-18,0.06
2010-12-19,0.061
2010-12-20,0.053
2010-12-21,0.061
2010-12-22,0.055
2010-12-23,0.031
2010-12-24,0.017
2010-12-25,0.015
2010-12-26,0.024
2010-12-27,0.054
2010-12-28,0.042
2010-12-29,0.037
2010-12-30,0.032
2010-12-31,0.025
2011-01-01,0.042
2011-01-02,0.046
2011-01-03,0.057
2011-01-04,0.046
2011-01-05,0.032
2011-01-06,0.025
2011-01-07,0.042
2011-01-08,0.066
2011-01-09,0.019
2011-01-10,0.03
2011-01-11,0.064
2011-01-12,0.028
2011-01-13,0.056
2011-01-14,0.049
2011-01-15,0.015
2011-01-16,0.015
2011-01-17,0.038
2011-01-18,0.052
2011-01-19,0.04
2011-01-20,0.029
2011-01-21,0.035
2011-01-22,0.053
2011-01-23,0.052
2011-01-24,0.026
2011-01-25,0.041
2011-01-26,0.029
2011-01-27,0.027
2011-01-28,0.035
2011-01-29,0.024
2011-01-30,0.017
2011-01-31,0.05
2011-02-01,0.074
2011-02-02,0.067
2011-02-03,0.069
2011-02-04,0.051
2011-02-05,0.056
2011-02-06,0.067
2011-02-07,0.062
2011-02-08,0.054
2011-02-09,0.026
2011-02-10,0.044
2011-02-11,0.039
2011-02-12,0.025
2011-02-13,0.039
2011-02-14,0.049
2011-02-15,0.053
2011-02-16,0.06
2011-02-17,0.047
2011-02-18,0.062
2011-02-19,0.061
2011-02-20,0.059
2011-02-21,0.056
2011-02-22,0.073
2011-02-23,0.086
2011-02-24,0.068
2011-02-25,0.032
2011-02-26,0.059
2011-02-27,0.054
2011-02-28,0.05
2011-03-01,0.022
2011-03-02,0.021
2011-03-03,0.024
2011-03-04,0.034
2011-03-05,0.052
2011-03-06,0.043
2011-03-07,0.023
2011-03-08,0.036
2011-03-09,0.028
2011-03-10,0.045
2011-03-11,0.05
2011-03-12,0.066
2011-03-13,0.055
2011-03-14,0.042
2011-03-15,0.02
2011-03-16,0.022
2011-03-17,0.029
2011-03-18,0.059
2011-03-19,0.034
2011-03-20,0.036
2011-03-21,0.039
2011-03-22,0.017
2011-03-23,0.033
2011-03-24,0.046
2011-03-25,0.021
2011-03-26,0.039
2011-03-27,0.046
2011-03-28,0.045
2011-03-29,0.058
2011-03-30,0.06
2011-03-31,0.069
2011-04-01,0.058
2011-04-02,0.068
2011-04-03,0.055
2011-04-04,0.061
2011-04-05,0.063
2011-04-06,0.073
2011-04-07,0.056
2011-04-08,0.037
2011-04-09,0.059
2011-04-10,0.051
2011-04-11,0.027
2011-04-12,0.051
2011-04-13,0.065
2011-04-14,0.064
2011-04-15,0.048
2011-04-16,0.04
2011-04-17,0.045
2011-04-18,0.038
2011-04-19,0.038
2011-04-20,0.058
2011-04-21,0.064
2011-04-22,0.05
2011-04-23,0.029
2011-04-24,0.032
2011-04-25,0.049
2011-04-26,0.063
2011-04-27,0.035
2011-04-28,0.031
2011-04-29,0.069
2011-04-30,0.058
2011-05-01,0.034
2011-05-02,0.047
2011-05-03,0.051
2011-05-04,0.067
2011-05-05,0.05
2011-05-06,0.067
2011-05-07,0.039
2011-05-08,0.046
2011-05-09,0.05
2011-05-10,0.041
2011-05-11,0.06
2011-05-12,0.045
2011-05-13,0.047
2011-05-14,0.052
2011-05-15,0.042
2011-05-16,0.041
2011-05-17,0.055
2011-05-18,0.068
2011-05-19,0.045
2011-05-20,0.042
2011-05-21,0.033
2011-05-22,0.033
2011-05-23,0.054
2011-05-24,0.06
2011-05-25,0.087
2011-05-26,0.075
2011-05-27,0.06
2011-05-28,0.056
2011-05-29,0.054
2011-05-30,0.068
2011-05-31,0.059
2011-06-01,0.06
2011-06-02,0.05
2011-06-03,0.055
2011-06-04,0.056
2011-06-05,0.037
2011-06-06,0.052
2011-06-07,0.065
2011-06-08,0.061
2011-06-09,0.054
2011-06-10,0.063
2011-06-11,0.053
2011-06-12,0.056
2011-06-13,0.041
2011-06-14,0.056
2011-06-15,0.078
2011-06-16,0.074
2011-06-17,0.06
2011-06-18,0.048
2011-06-19,0.049
2011-06-20,0.056
2011-06-21,0.044
2011-06-22,0.06
2011-06-23,0.035
2011-06-24,0.046
2011-06-25,0.038
2011-06-26,0.03
2011-06-27,0.046
2011-06-28,0.063
2011-06-29,0.055
2011-06-30,0.036
2011-07-01,0.04
2011-07-02,0.055
2011-07-03,0.051
2011-07-04,0.051
2011-07-05,0.06
2011-07-06,0.069
2011-07-07,0.063
2011-07-08,0.055
2011-07-09,0.055
2011-07-10,0.038
2011-07-11,0.051
2011-07-12,0.044
2011-07-13,0.044
2011-07-14,0.039
2011-07-15,0.042
2011-07-16,0.039
2011-07-17,0.031
2011-07-18,0.057
2011-07-19,0.051
2011-07-20,0.046
2011-07-21,0.053
2011-07-22,0.046
2011-07-23,0.043
2011-07-24,0.048
2011-07-25,0.052
2011-07-26,0.061
2011-07-27,0.053
2011-07-28,0.04
2011-07-29,0.049
2011-07-30,0.043
2011-07-31,0.037
2011-08-01,0.043
2011-08-02,0.041
2011-08-03,0.037
2011-08-04,0.043
2011-08-05,0.049
2011-08-06,0.048
2011-08-07,0.034
2011-08-08,0.032
2011-08-09,0.048
2011-08-10,0.044
2011-08-11,0.031
2011-08-12,0.046
2011-08-13,0.041
2011-08-14,0.049
2011-08-15,0.043
2011-08-16,0.06
2011-08-17,0.047
2011-08-18,0.03
2011-08-19,0.045
2011-08-20,0.054
2011-08-21,0.034
2011-08-22,0.055
2011-08-23,0.055
2011-08-24,0.055
2011-08-25,0.046
2011-08-26,0.055
2011-08-27,0.052
2011-08-28,0.034
2011-08-29,0.036
2011-08-30,0.033
2011-08-31,0.033
2011-09-01,0.031
2011-09-02,0.05
2011-09-03,0.047
2011-09-04,0.035
2011-09-05,0.027
2011-09-06,0.037
2011-09-07,0.052
2011-09-08,0.046
2011-09-09,0.037
2011-09-10,0.05
2011-09-11,0.039
2011-09-12,0.025
2011-09-13,0.03
2011-09-14,0.041
2011-09-15,0.039
2011-09-16,0.037
2011-09-17,0.047
2011-09-18,0.035
2011-09-19,0.05
2011-09-20,0.055
2011-09-21,0.04
2011-09-22,0.041
2011-09-23,0.057
2011-09-24,0.07
2011-09-25,0.058
2011-09-26,0.068
2011-09-27,0.077
2011-09-28,0.062
2011-09-29,0.047
2011-09-30,0.019
2011-10-01,0.03
2011-10-02,0.017
2011-10-03,0.04
2011-10-04,0.055
2011-10-05,0.055
2011-10-06,0.039
2011-10-07,0.041
2011-10-08,0.058
2011-10-09,0.065
2011-10-10,0.06
2011-10-11,0.048
2011-10-12,0.061
2011-10-13,0.071
2011-10-14,0.061
2011-10-15,0.056
2011-10-16,0.033
2011-10-17,0.022
2011-10-18,0.038
2011-10-19,0.062
2011-10-20,0.06
2011-10-21,0.056
2011-10-22,0.044
2011-10-23,0.046
2011-10-24,0.034
2011-10-25,0.017
2011-10-26,0.052
2011-10-27,0.072
2011-10-28,0.071
2011-10-29,0.054
2011-10-30,0.034
2011-10-31,0.063
2011-11-01,0.074
2011-11-02,0.064
2011-11-03,0.074
2011-11-04,0.065
2011-11-05,0.046
2011-11-06,0.044
2011-11-07,0.041
2011-11-08,0.046
2011-11-09,0.056
2011-11-10,0.06
2011-11-11,0.042
2011-11-12,0.051
2011-11-13,0.031
2011-11-14,0.025
2011-11-15,0.045
2011-11-16,0.068
2011-11-17,0.078
2011-11-18,0.062
2011-11-19,0.024
2011-11-20,0.014
2011-11-21,0.033
2011-11-22,0.067
2011-11-23,0.031
2011-11-24,0.029
2011-11-25,0.054
2011-11-26,0.067
2011-11-27,0.061
2011-11-28,0.051
2011-11-29,0.043
2011-11-30,0.049
2011-12-01,0.054
2011-12-02,0.059
2011-12-03,0.029
2011-12-04,0.02
2011-12-05,0.046
2011-12-06,0.049
2011-12-07,0.04
2011-12-08,0.024
2011-12-09,0.024
2011-12-10,0.041
2011-12-11,0.052
2011-12-12,0.042
2011-12-13,0.06
2011-12-14,0.076
2011-12-15,0.02
2011-12-16,0.017
2011-12-17,0.033
2011-12-18,0.039
2011-12-19,0.037
2011-12-20,0.059
2011-12-21,0.056
2011-12-22,0.023
2011-12-23,0.043
2011-12-24,0.027
2011-12-25,0.018
2011-12-26,0.024
2011-12-27,0.06
2011-12-28,0.084
2011-12-29,0.047
2011-12-30,0.063
2011-12-31,0.068
2012-01-01,0.032
2012-01-02,0.049
2012-01-03,0.051
2012-01-04,0.027
2012-01-05,0.047
2012-01-06,0.056
2012-01-07,0.067
2012-01-08,0.065
2012-01-09,0.049
2012-01-10,0.044
2012-01-11,0.025
2012-01-12,0.05
2012-01-13,0.043
2012-01-14,0.05
2012-01-15,0.034
2012-01-16,0.059
2012-01-17,0.062
2012-01-18,0.062
2012-01-19,0.066
2012-01-20,0.057
2012-01-21,0.037
2012-01-22,0.017
2012-01-23,0.014
2012-01-24,0.027
2012-01-25,0.025
2012-01-26,0.063
2012-01-27,0.059
2012-01-28,0.042
2012-01-29,0.029
2012-01-30,0.026
2012-01-31,0.05
2012-02-01,0.02
2012-02-02,0.027
2012-02-03,0.051
2012-02-04,0.044
2012-02-05,0.064
2012-02-06,0.066
2012-02-07,0.018
2012-02-08,0.029
2012-02-09,0.037
2012-02-10,0.042
2012-02-11,0.04
2012-02-12,0.05
2012-02-13,0.061
2012-02-14,0.049
2012-02-15,0.032
2012-02-16,0.031
2012-02-17,0.019
2012-02-18,0.024
2012-02-19,0.03
2012-02-20,0.062
2012-02-21,0.071
2012-02-22,0.074
2012-02-23,0.041
2012-02-24,0.071
2012-02-25,0.032
2012-02-26,0.024
2012-02-27,0.044
2012-02-28,0.072
2012-02-29,0.068
2012-03-01,0.065
2012-03-02,0.057
2012-03-03,0.057
2012-03-04,0.048
2012-03-05,0.059
2012-03-06,0.042
2012-03-07,0.041
2012-03-08,0.033
2012-03-09,0.052
2012-03-10,0.044
2012-03-11,0.014
2012-03-12,0.029
2012-03-13,0.051
2012-03-14,0.06
2012-03-15,0.067
2012-03-16,0.078
2012-03-17,0.056
2012-03-18,0.038
2012-03-19,0.028
2012-03-20,0.029
2012-03-21,0.041
2012-03-22,0.057
2012-03-23,0.063
2012-03-24,0.019
2012-03-25,0.017
2012-03-26,0.036
2012-03-27,0.059
2012-03-28,0.058
2012-03-29,0.067
2012-03-30,0.045
2012-03-31,0.029
2012-04-01,0.024
2012-04-02,0.078
2012-04-03,0.03
2012-04-04,0.052
2012-04-05,0.031
2012-04-06,0.029
2012-04-07,0.039
2012-04-08,0.051
2012-04-09,0.066
2012-04-10,0.083
2012-04-11,0.031
2012-04-12,0.054
2012-04-13,0.063
2012-04-14,0.05
2012-04-15,0.052
2012-04-16,0.058
2012-04-17,0.068
2012-04-18,0.075
2012-04-19,0.073
2012-04-20,0.071
2012-04-21,0.052
2012-04-22,0.037
2012-04-23,0.062
2012-04-24,0.068
2012-04-25,0.074
2012-04-26,0.037
2012-04-27,0.062
2012-04-28,0.049
2012-04-29,0.05
2012-04-30,0.075
2012-05-01,0.061
2012-05-02,0.054
2012-05-03,0.045
2012-05-04,0.056
2012-05-05,0.046
2012-05-06,0.038
2012-05-07,0.068
2012-05-08,0.089
2012-05-09,0.077
2012-05-10,0.066
2012-05-11,0.065
2012-05-12,0.044
2012-05-13,0.048
2012-05-14,0.057
2012-05-15,0.044
2012-05-16,0.06
2012-05-17,0.057
2012-05-18,0.063
2012-05-19,0.06
2012-05-20,0.056
2012-05-21,0.082
2012-05-22,0.072
2012-05-23,0.061
2012-05-24,0.058
2012-05-25,0.059
2012-05-26,0.074
2012-05-27,0.042
2012-05-28,0.061
2012-05-29,0.073
2012-05-30,0.081
2012-05-31,0.056
2012-06-01,0.055
2012-06-02,0.066
2012-06-03,0.057
2012-06-04,0.066
2012-06-05,0.04
2012-06-06,0.041
2012-06-07,0.055
2012-06-08,0.068
2012-06-09,0.056
2012-06-10,0.045
2012-06-11,0.038
2012-06-12,0.055
2012-06-13,0.059
2012-06-14,0.068
2012-06-15,0.066
2012-06-16,0.047
2012-06-17,0.03
2012-06-18,0.056
2012-06-19,0.064
2012-06-20,0.065
2012-06-21,0.062
2012-06-22,0.053
2012-06-23,0.041
2012-06-24,0.062
2012-06-25,0.064
2012-06-26,0.057
2012-06-27,0.059
2012-06-28,0.057
2012-06-29,0.076
2012-06-30,0.039
2012-07-01,0.033
2012-07-02,0.042
2012-07-03,0.06
2012-07-04,0.049
2012-07-05,0.053
2012-07-06,0.053
2012-07-07,0.037
2012-07-08,0.034
2012-07-09,0.047
2012-07-10,0.075
2012-07-11,0.042
2012-07-12,0.065
2012-07-13,0.058
2012-07-14,0.039
2012-07-15,0.034
2012-07-16,0.038
2012-07-17,0.072
2012-07-18,0.044
2012-07-19,0.031
2012-07-20,0.034
2012-07-21,0.038
2012-07-22,0.038
2012-07-23,0.033
2012-07-24,0.029
2012-07-25,0.025
2012-07-26,0.028
2012-07-27,0.032
2012-07-28,0.028
2012-07-29,0.022
2012-07-30,0.032
2012-07-31,0.03
2012-08-01,0.055
2012-08-02,0.051
2012-08-03,0.047
2012-08-04,0.045
2012-08-05,0.028
2012-08-06,0.049
2012-08-07,0.053
2012-08-08,0.048
2012-08-10,0.081
2012-08-11,0.05
2012-08-12,0.045
2012-08-13,0.047
2012-08-14,0.067
2012-08-15,0.032
2012-08-16,0.064
2012-08-17,0.048
2012-08-18,0.045
2012-08-19,0.026
2012-08-20,0.04
2012-08-21,0.053
2012-08-22,0.034
2012-08-23,0.065
2012-08-24,0.058
2012-08-25,0.039
2012-08-26,0.038
2012-08-27,0.058
2012-08-28,0.028
2012-08-29,0.042
2012-08-30,0.05
2012-08-31,0.035
2012-09-01,0.041
2012-09-02,0.048
2012-09-03,0.053
2012-09-04,0.066
2012-09-05,0.036
2012-09-06,0.039
2012-09-07,0.071
2012-09-08,0.033
2012-09-09,0.023
2012-09-10,0.053
2012-09-11,0.052
2012-09-12,0.06
2012-09-13,0.054
2012-09-14,0.034
2012-09-15,0.049
2012-09-16,0.043
2012-09-17,0.034
2012-09-18,0.051
2012-09-19,0.059
2012-09-20,0.063
2012-09-21,0.058
2012-09-22,0.05
2012-09-23,0.043
2012-09-24,0.063
2012-09-25,0.063
2012-09-26,0.063
2012-09-27,0.062
2012-09-28,0.049
2012-09-29,0.017
2012-09-30,0.025
2012-10-01,0.032
2012-10-02,0.039
2012-10-03,0.033
2012-10-04,0.041
2012-10-05,0.046
2012-10-06,0.046
2012-10-07,0.047
2012-10-08,0.055
2012-10-09,0.063
2012-10-10,0.048
2012-10-11,0.03
2012-10-12,0.053
2012-10-13,0.076
2012-10-14,0.039
2012-10-15,0.044
2012-10-16,0.057
2012-10-17,0.029
2012-10-18,0.036
2012-10-19,0.056
2012-10-20,0.07
2012-10-21,0.047
2012-10-22,0.045
2012-10-23,0.024
2012-10-24,0.066
2012-10-25,0.065
2012-10-26,0.065
2012-10-27,0.059
2012-10-28,0.02
2012-10-29,0.04
2012-10-30,0.029
2012-10-31,0.035
2012-11-01,0.021
2012-11-02,0.043
2012-11-03,0.064
2012-11-04,0.053
2012-11-05,0.042
2012-11-06,0.035
2012-11-07,0.043
2012-11-08,0.065
2012-11-09,0.065
2012-11-10,0.059
2012-11-11,0.035
2012-11-12,0.028
2012-11-13,0.021
2012-11-14,0.02
2012-11-15,0.048
2012-11-16,0.066
2012-11-17,0.023
2012-11-18,0.037
2012-11-19,0.04
2012-11-20,0.033
2012-11-21,0.066
2012-11-22,0.064
2012-11-23,0.027
2012-11-24,0.035
2012-11-25,0.062
2012-11-26,0.028
2012-11-27,0.05
2012-11-28,0.047
2012-11-29,0.035
2012-11-30,0.057
2012-12-01,0.043
2012-12-02,0.049
2012-12-03,0.055
2012-12-04,0.025
2012-12-05,0.046
2012-12-06,0.047
2012-12-07,0.058
2012-12-08,0.021
2012-12-09,0.02
2012-12-10,0.045
2012-12-11,0.067
2012-12-12,0.074
2012-12-13,0.092
2012-12-14,0.092
2012-12-15,0.045
2012-12-16,0.044
2012-12-17,0.037
2012-12-18,0.025
2012-12-19,0.036
2012-12-20,0.055
2012-12-21,0.072
2012-12-22,0.031
2012-12-23,0.017
2012-12-24,0.042
2012-12-25,0.03
2012-12-26,0.039
2012-12-27,0.064
2012-12-28,0.063
2012-12-29,0.063
2012-12-30,0.017
2012-12-31,0.034
2013-01-01,0.055
2013-01-02,0.018
2013-01-03,0.025
2013-01-04,0.053
2013-01-05,0.07
2013-01-06,0.053
2013-01-07,0.067
2013-01-08,0.054
2013-01-09,0.028
2013-01-10,0.043
2013-01-11,0.084
2013-01-12,0.059
2013-01-13,0.061
2013-01-14,0.057
2013-01-15,0.076
2013-01-16,0.059
2013-01-17,0.04
2013-01-18,0.057
2013-01-19,0.063
2013-01-20,0.071
2013-01-21,0.065
2013-01-22,0.057
2013-01-23,0.049
2013-01-24,0.04
2013-01-25,0.019
2013-01-26,0.018
2013-01-27,0.021
2013-01-28,0.063
2013-01-29,0.068
2013-01-30,0.07
2013-01-31,0.08
2013-02-01,0.058
2013-02-02,0.021
2013-02-03,0.044
2013-02-04,0.036
2013-02-05,0.073
2013-02-06,0.038
2013-02-07,0.016
2013-02-08,0.032
2013-02-09,0.05
2013-02-10,0.036
2013-02-11,0.032
2013-02-12,0.048
2013-02-13,0.054
2013-02-14,0.067
2013-02-15,0.028
2013-02-16,0.044
2013-02-17,0.066
2013-02-18,0.033
2013-02-19,0.021
2013-02-20,0.029
2013-02-21,0.042
2013-02-22,0.041
2013-02-23,0.036
2013-02-24,0.035
2013-02-25,0.056
2013-02-26,0.064
2013-02-27,0.04
2013-02-28,0.065
2013-03-01,0.015
2013-03-02,0.021
2013-03-03,0.028
2013-03-04,0.046
2013-03-05,0.048
2013-03-06,0.076
2013-03-07,0.07
2013-03-08,0.071
2013-03-09,0.077
2013-03-10,0.016
2013-03-11,0.054
2013-03-12,0.08
2013-03-13,0.033
2013-03-14,0.042
2013-03-15,0.054
2013-03-16,0.05
2013-03-17,0.056
2013-03-18,0.046
2013-03-19,0.049
2013-03-20,0.022
2013-03-21,0.048
2013-03-22,0.055
2013-03-23,0.059
2013-03-24,0.03
2013-03-25,0.026
2013-03-26,0.042
2013-03-27,0.058
2013-03-28,0.045
2013-03-29,0.03
2013-03-30,0.034
2013-03-31,0.036
2013-04-01,0.066
2013-04-02,0.058
2013-04-03,0.054
2013-04-04,0.081
2013-04-05,0.083
2013-04-06,0.026
2013-04-07,0.021
2013-04-08,0.049
2013-04-09,0.032
2013-04-10,0.031
2013-04-11,0.031
2013-04-12,0.038
2013-04-13,0.057
2013-04-14,0.016
2013-04-15,0.059
2013-04-16,0.058
2013-04-17,0.051
2013-04-18,0.034
2013-04-19,0.043
2013-04-20,0.044
2013-04-21,0.039
2013-04-22,0.051
2013-04-23,0.075
2013-04-24,0.041
2013-04-25,0.051
2013-04-26,0.04
2013-04-27,0.061
2013-04-28,0.054
2013-04-29,0.044
2013-04-30,0.049
2013-05-01,0.034
2013-05-02,0.049
2013-05-03,0.057
2013-05-04,0.057
2013-05-05,0.038
2013-05-06,0.058
2013-05-07,0.068
2013-05-08,0.062
2013-05-09,0.08
2013-05-10,0.05
2013-05-11,0.053
2013-05-12,0.044
2013-05-13,0.055
2013-05-14,0.054
2013-05-15,0.038
2013-05-16,0.063
2013-05-17,0.046
2013-05-18,0.043
2013-05-19,0.036
2013-05-20,0.043
2013-05-21,0.054
2013-05-22,0.071
2013-05-23,0.073
2013-05-24,0.061
2013-05-25,0.066
2013-05-26,0.033
2013-05-27,0.055
2013-05-28,0.042
2013-05-29,0.046
2013-05-30,0.057
2013-05-31,0.061
2013-06-01,0.043
2013-06-02,0.044
2013-06-03,0.044
2013-06-04,0.044
2013-06-05,0.053
2013-06-06,0.035
2013-06-07,0.059
2013-06-08,0.074
2013-06-09,0.057
2013-06-10,0.066
2013-06-11,0.067
2013-06-12,0.033
2013-06-13,0.043
2013-06-14,0.06
2013-06-15,0.038
2013-06-16,0.026
2013-06-17,0.032
2013-06-18,0.043
2013-06-19,0.041
2013-06-20,0.052
2013-06-21,0.066
2013-06-22,0.053
2013-06-23,0.037
2013-06-24,0.043
2013-06-25,0.064
2013-06-26,0.054
2013-06-27,0.055
2013-06-28,0.046
2013-06-29,0.044
2013-06-30,0.042
2013-07-01,0.054
2013-07-02,0.042
2013-07-03,0.073
2013-07-04,0.052
2013-07-05,0.028
2013-07-06,0.055
2013-07-07,0.047
2013-07-08,0.047
2013-07-09,0.045
2013-07-10,0.047
2013-07-11,0.047
2013-07-12,0.032
2013-07-13,0.028
2013-07-14,0.032
2013-07-15,0.039
2013-07-16,0.035
2013-07-17,0.04
2013-07-18,0.039
2013-07-19,0.041
2013-07-20,0.036
2013-07-21,0.028
2013-07-22,0.042
2013-07-23,0.042
2013-07-24,0.044
2013-07-25,0.052
2013-07-26,0.043
2013-07-27,0.056
2013-07-28,0.054
2013-07-29,0.047
2013-07-30,0.062
2013-07-31,0.042
2013-08-01,0.051
2013-08-02,0.046
2013-08-03,0.034
2013-08-04,0.031
2013-08-05,0.053
2013-08-06,0.061
2013-08-07,0.068
2013-08-08,0.057
2013-08-09,0.054
2013-08-10,0.054
2013-08-11,0.042
2013-08-12,0.04
2013-08-13,0.035
2013-08-14,0.033
2013-08-15,0.031
2013-08-16,0.036
2013-08-17,0.031
2013-08-18,0.026
2013-08-19,0.033
2013-08-20,0.052
2013-08-21,0.059
2013-08-22,0.046
2013-08-23,0.037
2013-08-24,0.036
2013-08-25,0.049
2013-08-26,0.043
2013-08-27,0.032
2013-08-28,0.069
2013-08-29,0.049
2013-08-30,0.038
2013-08-31,0.033
2013-09-01,0.022
2013-09-02,0.027
2013-09-03,0.027
2013-09-04,0.039
2013-09-05,0.065
2013-09-06,0.062
2013-09-07,0.035
2013-09-08,0.025
2013-09-09,0.055
2013-09-10,0.066
2013-09-11,0.055
2013-09-12,0.065
2013-09-13,0.059
2013-09-14,0.05
2013-09-15,0.023
2013-09-16,0.037
2013-09-17,0.06
2013-09-18,0.052
2013-09-19,0.042
2013-09-20,0.027
2013-09-21,0.028
2013-09-22,0.041
2013-09-23,0.054
2013-09-24,0.052
2013-09-25,0.018
2013-09-26,0.034
2013-09-27,0.054
2013-09-28,0.073
2013-09-29,0.044
2013-09-30,0.052
2013-10-01,0.056
2013-10-02,0.03
2013-10-03,0.027
2013-10-04,0.053
2013-10-05,0.06
2013-10-06,0.045
2013-10-07,0.047
2013-10-08,0.044
2013-10-09,0.038
2013-10-10,0.054
2013-10-11,0.029
2013-10-12,0.028
2013-10-13,0.05
2013-10-14,0.055
2013-10-15,0.038
2013-10-16,0.03
2013-10-17,0.055
2013-10-18,0.061
2013-10-19,0.056
2013-10-20,0.039
2013-10-21,0.051
2013-10-22,0.059
2013-10-23,0.056
2013-10-24,0.032
2013-10-25,0.02
2013-10-26,0.038
2013-10-27,0.047
2013-10-28,0.062
2013-10-29,0.056
2013-10-30,0.035
2013-10-31,0.058
2013-11-01,0.071
2013-11-02,0.053
2013-11-03,0.047
2013-11-04,0.044
2013-11-05,0.062
2013-11-06,0.073
2013-11-07,0.029
2013-11-08,0.05
2013-11-09,0.064
2013-11-10,0.013
2013-11-11,0.021
2013-11-12,0.029
2013-11-13,0.054
2013-11-14,0.072
2013-11-15,0.061
2013-11-16,0.062
2013-11-17,0.021
2013-11-18,0.018
2013-11-19,0.023
2013-11-20,0.025
2013-11-21,0.034
2013-11-22,0.056
2013-11-23,0.067
2013-11-24,0.064
2013-11-25,0.028
2013-11-26,0.043
2013-11-27,0.025
2013-11-28,0.022
2013-11-29,0.038
2013-11-30,0.064
2013-12-01,0.046
2013-12-02,0.072
2013-12-03,0.062
2013-12-04,0.075
2013-12-05,0.06
2013-12-06,0.029
2013-12-07,0.041
2013-12-08,0.055
2013-12-09,0.044
2013-12-10,0.031
2013-12-11,0.03
2013-12-12,0.043
2013-12-13,0.023
2013-12-14,0.048
2013-12-15,0.039
2013-12-16,0.066
2013-12-17,0.074
2013-12-18,0.057
2013-12-19,0.022
2013-12-20,0.035
2013-12-21,0.053
2013-12-22,0.057
2013-12-23,0.042
2013-12-24,0.07
2013-12-25,0.072
2013-12-26,0.054
2013-12-27,0.022
2013-12-28,0.032
2013-12-29,0.052
2013-12-30,0.063
2013-12-31,0.058
2014-01-01,0.04
2014-01-02,0.043
2014-01-03,0.065
2014-01-04,0.04
2014-01-05,0.042
2014-01-06,0.065
2014-01-07,0.072
2014-01-08,0.032
2014-01-09,0.017
2014-01-10,0.053
2014-01-11,0.061
2014-01-12,0.034
2014-01-13,0.029
2014-01-14,0.047
2014-01-15,0.047
2014-01-16,0.074
2014-01-17,0.065
2014-01-18,0.023
2014-01-19,0.045
2014-01-20,0.048
2014-01-21,0.027
2014-01-22,0.054
2014-01-23,0.071
2014-01-24,0.072
2014-01-25,0.046
2014-01-26,0.024
2014-01-27,0.062
2014-01-28,0.034
2014-01-29,0.064
2014-01-30,0.039
2014-01-31,0.043
2014-02-01,0.058
2014-02-02,0.039
2014-02-03,0.017
2014-02-04,0.016
2014-02-05,0.035
2014-02-06,0.055
2014-02-07,0.061
2014-02-08,0.039
2014-02-09,0.022
2014-02-10,0.046
2014-02-11,0.055
2014-02-12,0.052
2014-02-13,0.053
2014-02-14,0.056
2014-02-15,0.045
2014-02-16,0.053
2014-02-17,0.063
2014-02-18,0.054
2014-02-19,0.052
2014-02-20,0.048
2014-02-21,0.052
2014-02-22,0.052
2014-02-23,0.057
2014-02-24,0.064
2014-02-25,0.079
2014-02-26,0.089
2014-02-27,0.065
2014-02-28,0.064
2014-03-01,0.059
2014-03-02,0.027
2014-03-03,0.056
2014-03-04,0.077
2014-03-05,0.019
2014-03-06,0.029
2014-03-07,0.029
2014-03-08,0.05
2014-03-09,0.023
2014-03-10,0.043
2014-03-11,0.073
2014-03-12,0.071
2014-03-13,0.053
2014-03-14,0.05
2014-03-15,0.054
2014-03-16,0.053
2014-03-17,0.057
2014-03-18,0.04
2014-03-19,0.06
2014-03-20,0.035
2014-03-21,0.025
2014-03-22,0.051
2014-03-23,0.047
2014-03-24,0.052
2014-03-25,0.05
2014-03-26,0.056
2014-03-27,0.068
2014-03-28,0.076
2014-03-29,0.049
2014-03-30,0.033
2014-03-31,0.061
2014-04-01,0.068
2014-04-02,0.055
2014-04-03,0.052
2014-04-04,0.026
2014-04-05,0.033
2014-04-06,0.025
2014-04-07,0.055
2014-04-08,0.052
2014-04-09,0.06
2014-04-10,0.058
2014-04-11,0.06
2014-04-12,0.055
2014-04-13,0.053
2014-04-14,0.06
2014-04-15,0.06
2014-04-16,0.068
2014-04-17,0.06
2014-04-18,0.052
2014-04-19,0.062
2014-04-20,0.036
2014-04-21,0.037
2014-04-22,0.049
2014-04-23,0.064
2014-04-24,0.057
2014-04-25,0.075
2014-04-26,0.069
2014-04-27,0.038
2014-04-28,0.063
2014-04-29,0.052
2014-04-30,0.037
2014-05-01,0.035
2014-05-02,0.036
2014-05-03,0.017
2014-05-04,0.029
2014-05-05,0.017
2014-05-06,0.021
2014-05-07,0.043
2014-05-08,0.042
2014-05-09,0.052
2014-05-10,0.066
2014-05-11,0.055
2014-05-12,0.041
2014-05-13,0.061
2014-05-14,0.046
2014-05-15,0.037
2014-05-16,0.044
2014-05-17,0.055
2014-05-18,0.047
2014-05-19,0.057
2014-05-20,0.055
2014-05-21,0.042
2014-05-22,0.072
2014-05-23,0.067
2014-05-24,0.06
2014-05-25,0.052
2014-05-26,0.047
2014-05-27,0.07
2014-05-28,0.073
2014-05-29,0.07
2014-05-30,0.076
2014-05-31,0.1
2014-06-01,0.035
2014-06-02,0.06
2014-06-03,0.062
2014-06-04,0.053
2014-06-05,0.062
2014-06-06,0.042
2014-06-07,0.046
2014-06-08,0.028
2014-06-09,0.043
2014-06-10,0.059
2014-06-11,0.046
2014-06-12,0.035
2014-06-13,0.058
2014-06-14,0.046
2014-06-15,0.037
2014-06-16,0.045
2014-06-17,0.061
2014-06-18,0.045
2014-06-19,0.041
2014-06-20,0.048
2014-06-21,0.054
2014-06-22,0.044
2014-06-23,0.052
2014-06-24,0.041
2014-06-25,0.05
2014-06-26,0.037
2014-06-27,0.03
2014-06-28,0.044
2014-06-29,0.042
2014-06-30,0.042
2014-07-01,0.046
2014-07-02,0.064
2014-07-03,0.043
2014-07-04,0.05
2014-07-05,0.055
2014-07-06,0.05
2014-07-07,0.053
2014-07-08,0.045
2014-07-09,0.05
2014-07-10,0.025
2014-07-11,0.051
2014-07-12,0.043
2014-07-13,0.031
2014-07-14,0.046
2014-07-15,0.054
2014-07-16,0.046
2014-07-17,0.045
2014-07-18,0.05
2014-07-19,0.041
2014-07-20,0.028
2014-07-21,0.041
2014-07-22,0.034
2014-07-23,0.045
2014-07-24,0.057
2014-07-25,0.051
2014-07-26,0.041
2014-07-27,0.047
2014-07-28,0.058
2014-07-29,0.067
2014-07-30,0.052
2014-07-31,0.042
2014-08-01,0.051
2014-08-02,0.051
2014-08-03,0.036
2014-08-04,0.028
2014-08-05,0.048
2014-08-06,0.045
2014-08-07,0.048
2014-08-08,0.056
2014-08-09,0.049
2014-08-10,0.021
2014-08-11,0.026
2014-08-12,0.034
2014-08-13,0.064
2014-08-14,0.055
2014-08-15,0.033
2014-08-16,0.034
2014-08-17,0.041
2014-08-18,0.046
2014-08-19,0.039
2014-08-20,0.039
2014-08-21,0.039
2014-08-22,0.044
2014-08-23,0.043
2014-08-24,0.043
2014-08-25,0.061
2014-08-26,0.053
2014-08-27,0.051
2014-08-28,0.046
2014-08-29,0.051
2014-08-30,0.048
2014-08-31,0.043
2014-09-01,0.057
2014-09-02,0.058
2014-09-03,0.041
2014-09-04,0.032
2014-09-05,0.039
2014-09-06,0.035
2014-09-07,0.027
2014-09-08,0.023
2014-09-09,0.02
2014-09-10,0.035
2014-09-11,0.04
2014-09-12,0.06
2014-09-13,0.053
2014-09-14,0.029
2014-09-15,0.023
2014-09-16,0.029
2014-09-17,0.039
2014-09-18,0.053
2014-09-19,0.061
2014-09-20,0.068
2014-09-21,0.049
2014-09-22,0.062
2014-09-23,0.06
2014-09-24,0.044
2014-09-25,0.052
2014-09-26,0.056
2014-09-27,0.054
2014-09-28,0.039
2014-09-29,0.042
2014-09-30,0.048
2014-10-01,0.052
2014-10-02,0.052
2014-10-03,0.024
2014-10-04,0.052
2014-10-05,0.04
2014-10-06,0.03
2014-10-07,0.044
2014-10-08,0.055
2014-10-09,0.053
2014-10-10,0.066
2014-10-11,0.053
2014-10-12,0.05
2014-10-13,0.047
2014-10-14,0.037
2014-10-15,0.046
2014-10-16,0.038
2014-10-17,0.046
2014-10-18,0.058
2014-10-19,0.056
2014-10-20,0.059
2014-10-21,0.056
2014-10-22,0.047
2014-10-23,0.055
2014-10-24,0.06
2014-10-25,0.054
2014-10-26,0.042
2014-10-27,0.028
2014-10-28,0.055
2014-10-29,0.078
2014-10-30,0.084
2014-10-31,0.078
2014-11-01,0.051
2014-11-02,0.014
2014-11-03,0.027
2014-11-04,0.047
2014-11-05,0.053
2014-11-06,0.048
2014-11-07,0.05
2014-11-08,0.056
2014-11-09,0.033
2014-11-10,0.06
2014-11-11,0.067
2014-11-12,0.019
2014-11-13,0.018
2014-11-14,0.046
2014-11-15,0.035
2014-11-16,0.054
2014-11-17,0.03
2014-11-18,0.036
2014-11-19,0.056
2014-11-20,0.069
2014-11-21,0.075
2014-11-22,0.06
2014-11-23,0.045
2014-11-24,0.055
2014-11-25,0.062
2014-11-26,0.062
2014-11-27,0.069
2014-11-28,0.058
2014-11-29,0.044
2014-11-30,0.041
2014-12-01,0.013
2014-12-02,0.019
2014-12-03,0.026
2014-12-04,0.026
2014-12-05,0.021
2014-12-06,0.019
2014-12-07,0.048
2014-12-08,0.038
2014-12-09,0.056
2014-12-10,0.074
2014-12-11,0.026
2014-12-12,0.037
2014-12-13,0.019
2014-12-14,0.045
2014-12-15,0.059
2014-12-16,0.02
2014-12-17,0.013
2014-12-18,0.031
2014-12-19,0.076
2014-12-20,0.029
2014-12-21,0.024
2014-12-22,0.047
2014-12-23,0.071
2014-12-24,0.046
2014-12-25,0.02
2014-12-26,0.042
2014-12-27,0.062
2014-12-28,0.072
2014-12-29,0.067
2014-12-30,0.046
2014-12-31,0.028
2015-01-01,0.011
2015-01-02,0.02
2015-01-03,0.057
2015-01-04,0.051
2015-01-05,0.068
2015-01-06,0.02
2015-01-07,0.021
2015-01-08,0.033
2015-01-09,0.05
2015-01-10,0.046
2015-01-11,0.022
2015-01-12,0.043
2015-01-13,0.068
2015-01-14,0.071
2015-01-15,0.058
2015-01-16,0.042
2015-01-17,0.022
2015-01-18,0.048
2015-01-19,0.025
2015-01-20,0.053
2015-01-21,0.069
2015-01-22,0.048
2015-01-23,0.054
2015-01-24,0.05
2015-01-25,0.063
2015-01-26,0.038
2015-01-27,0.021
2015-01-28,0.036
2015-01-29,0.057
2015-01-30,0.025
2015-01-31,0.032
2015-02-01,0.037
2015-02-02,0.059
2015-02-03,0.068
2015-02-04,0.059
2015-02-05,0.043
2015-02-06,0.045
2015-02-07,0.05
2015-02-08,0.011
2015-02-09,0.032
2015-02-10,0.057
2015-02-11,0.051
2015-02-12,0.022
2015-02-13,0.034
2015-02-14,0.064
2015-02-15,0.061
2015-02-16,0.066
2015-02-17,0.025
2015-02-18,0.019
2015-02-19,0.042
2015-02-20,0.053
2015-02-21,0.059
2015-02-22,0.028
2015-02-23,0.025
2015-02-24,0.036
2015-02-25,0.059
2015-02-26,0.023
2015-02-27,0.03
2015-02-28,0.064
2015-03-01,0.026
2015-03-02,0.05
2015-03-03,0.055
2015-03-04,0.016
2015-03-05,0.039
2015-03-06,0.061
2015-03-07,0.05
2015-03-08,0.053
2015-03-09,0.024
2015-03-10,0.016
2015-03-11,0.034
2015-03-12,0.037
2015-03-13,0.031
2015-03-14,0.04
2015-03-15,0.051
2015-03-16,0.068
2015-03-17,0.085
2015-03-18,0.073
2015-03-19,0.048
2015-03-20,0.058
2015-03-21,0.064
2015-03-22,0.033
2015-03-23,0.02
2015-03-24,0.045
2015-03-25,0.057
2015-03-26,0.054
2015-03-27,0.059
2015-03-28,0.066
2015-03-29,0.041
2015-03-30,0.06
2015-03-31,0.058
2015-04-01,0.06
2015-04-02,0.047
2015-04-03,0.041
2015-04-04,0.05
2015-04-05,0.042
2015-04-06,0.033
2015-04-07,0.04
2015-04-08,0.036
2015-04-09,0.054
2015-04-10,0.052
2015-04-11,0.055
2015-04-12,0.053
2015-04-13,0.048
2015-04-14,0.049
2015-04-15,0.053
2015-04-16,0.055
2015-04-17,0.053
2015-04-18,0.068
2015-04-19,0.056
2015-04-20,0.046
2015-04-21,0.055
2015-04-22,0.056
2015-04-23,0.063
2015-04-24,0.043
2015-04-25,0.056
2015-04-26,0.049
2015-04-27,0.06
2015-04-28,0.063
2015-04-29,0.057
2015-04-30,0.053
2015-05-01,0.053
2015-05-02,0.044
2015-05-03,0.034
2015-05-04,0.023
2015-05-05,0.036
2015-05-06,0.057
2015-05-07,0.058
2015-05-08,0.055
2015-05-09,0.035
2015-05-10,0.032
2015-05-11,0.054
2015-05-12,0.035
2015-05-13,0.044
2015-05-14,0.053
2015-05-15,0.038
2015-05-16,0.041
2015-05-17,0.038
2015-05-18,0.05
2015-05-19,0.043
2015-05-20,0.032
2015-05-21,0.05
2015-05-22,0.055
2015-05-23,0.052
2015-05-24,0.04
2015-05-25,0.05
2015-05-26,0.052
2015-05-27,0.061
2015-05-28,0.055
2015-05-29,0.057
2015-05-30,0.037
2015-05-31,0.044
2015-06-01,0.052
2015-06-02,0.044
2015-06-03,0.018
2015-06-04,0.047
2015-06-05,0.073
2015-06-06,0.054
2015-06-07,0.037
2015-06-08,0.042
2015-06-09,0.035
2015-06-10,0.061
2015-06-11,0.066
2015-06-12,0.058
2015-06-13,0.057
2015-06-14,0.031
2015-06-15,0.045
2015-06-16,0.051
2015-06-17,0.061
2015-06-18,0.06
2015-06-19,0.049
2015-06-20,0.044
2015-06-21,0.039
2015-06-22,0.045
2015-06-23,0.045
2015-06-24,0.061
2015-06-25,0.074
2015-06-26,0.035
2015-06-27,0.052
2015-06-28,0.035
2015-06-29,0.04
2015-06-30,0.047
2015-07-01,0.038
2015-07-02,0.046
2015-07-03,0.04
2015-07-04,0.052
2015-07-05,0.034
2015-07-06,0.051
2015-07-07,0.075
2015-07-08,0.061
2015-07-09,0.065
2015-07-10,0.058
2015-07-11,0.06
2015-07-12,0.034
2015-07-13,0.038
2015-07-14,0.055
2015-07-15,0.06
2015-07-16,0.048
2015-07-17,0.052
2015-07-18,0.041
2015-07-19,0.037
2015-07-20,0.052
2015-07-21,0.033
2015-07-22,0.047
2015-07-23,0.056
2015-07-24,0.045
2015-07-25,0.037
2015-07-26,0.019
2015-07-27,0.029
2015-07-28,0.04
2015-07-29,0.059
2015-07-30,0.057
2015-07-31,0.053
2015-08-01,0.052
2015-08-02,0.037
2015-08-03,0.04
2015-08-04,0.037
2015-08-05,0.038
2015-08-06,0.04
2015-08-07,0.046
2015-08-08,0.046
2015-08-09,0.027
2015-08-10,0.03
2015-08-11,0.047
2015-08-12,0.045
2015-08-13,0.057
2015-08-14,0.043
2015-08-15,0.039
2015-08-16,0.042
2015-08-17,0.053
2015-08-18,0.051
2015-08-19,0.073
2015-08-20,0.061
2015-08-21,0.039
2015-08-22,0.044
2015-08-23,0.035
2015-08-24,0.062
2015-08-25,0.029
2015-08-26,0.036
2015-08-27,0.032
2015-08-28,0.067
2015-08-29,0.05
2015-08-30,0.031
2015-08-31,0.065
2015-09-01,0.064
2015-09-02,0.061
2015-09-03,0.028
2015-09-04,0.039
2015-09-05,0.057
2015-09-06,0.041
2015-09-07,0.054
2015-09-08,0.059
2015-09-09,0.05
2015-09-10,0.032
2015-09-11,0.047
2015-09-12,0.03
2015-09-13,0.019
2015-09-14,0.06
2015-09-15,0.067
2015-09-16,0.058
2015-09-17,0.058
2015-09-18,0.064
2015-09-19,0.045
2015-09-20,0.046
2015-09-21,0.068
2015-09-22,0.088
2015-09-23,0.098
2015-09-24,0.072
2015-09-25,0.065
2015-09-26,0.03
2015-09-27,0.048
2015-09-28,0.043
2015-09-29,0.045
2015-09-30,0.063
2015-10-01,0.044
2015-10-02,0.043
2015-10-03,0.038
2015-10-04,0.034
2015-10-05,0.058
2015-10-06,0.063
2015-10-07,0.059
2015-10-08,0.055
2015-10-09,0.029
2015-10-10,0.037
2015-10-11,0.03
2015-10-12,0.021
2015-10-13,0.06
2015-10-14,0.066
2015-10-15,0.088
2015-10-16,0.076
2015-10-19,0.081
2015-10-20,0.063
2015-10-21,0.049
2015-10-22,0.065
2015-10-23,0.058
2015-10-24,0.034
2015-10-25,0.051
2015-10-26,0.068
2015-10-27,0.026
2015-10-28,0.029
2015-10-29,0.039
2015-10-30,0.018
2015-10-31,0.029
2015-11-01,0.054
2015-11-02,0.049
2015-11-03,0.059
2015-11-04,0.085
2015-11-05,0.069
2015-11-06,0.064
2015-11-07,0.057
2015-11-08,0.05
2015-11-09,0.026
2015-11-10,0.035
2015-11-11,0.054
2015-11-12,0.064
2015-11-13,0.063
2015-11-14,0.045
2015-11-15,0.029
2015-11-16,0.051
2015-11-17,0.039
2015-11-18,0.05
2015-11-19,0.046
2015-11-20,0.033
2015-11-21,0.044
2015-11-22,0.042
2015-11-23,0.038
2015-11-24,0.038
2015-11-25,0.029
2015-11-26,0.014
2015-11-27,0.025
2015-11-28,0.053
2015-11-29,0.05
2015-11-30,0.034
2015-12-01,0.064
2015-12-02,0.048
2015-12-03,0.024
2015-12-04,0.029
2015-12-05,0.034
2015-12-06,0.034
2015-12-07,0.053
2015-12-08,0.068
2015-12-09,0.081
2015-12-10,0.062
2015-12-11,0.055
2015-12-12,0.05
2015-12-13,0.052
2015-12-14,0.058
2015-12-15,0.034
2015-12-16,0.016
2015-12-17,0.02
2015-12-18,0.054
2015-12-19,0.058
2015-12-20,0.069
2015-12-21,0.053
2015-12-22,0.061
2015-12-23,0.056
2015-12-24,0.04
2015-12-25,0.029
2015-12-26,0.038
2015-12-27,0.023
2015-12-28,0.024
2015-12-29,0.061
2015-12-30,0.068
2015-12-31,0.04
2016-01-01,0.059
2016-01-02,0.056
2016-01-03,0.053
2016-01-04,0.025
2016-01-05,0.025
2016-01-06,0.044
2016-01-07,0.026
2016-01-08,0.029
2016-01-09,0.034
2016-01-10,0.023
2016-01-11,0.027
2016-01-12,0.036
2016-01-13,0.038
2016-01-14,0.045
2016-01-15,0.056
2016-01-16,0.066
2016-01-17,0.062
2016-01-18,0.025
2016-01-19,0.017
2016-01-20,0.029
2016-01-21,0.04
2016-01-22,0.032
2016-01-23,0.015
2016-01-24,0.015
2016-01-25,0.034
2016-01-26,0.069
2016-01-27,0.046
2016-01-28,0.067
2016-01-29,0.058
2016-01-30,0.046
2016-01-31,0.021
2016-02-01,0.027
2016-02-02,0.038
2016-02-03,0.058
2016-02-04,0.049
2016-02-05,0.034
2016-02-06,0.022
2016-02-07,0.041
2016-02-08,0.05
2016-02-09,0.022
2016-02-10,0.054
2016-02-11,0.084
2016-02-12,0.061
2016-02-13,0.048
2016-02-14,0.018
2016-02-15,0.021
2016-02-16,0.034
2016-02-17,0.039
2016-02-18,0.054
2016-02-19,0.045
2016-02-20,0.032
2016-02-21,0.021
2016-02-22,0.057
2016-02-23,0.029
2016-02-24,0.032
2016-02-25,0.044
2016-02-26,0.032
2016-02-27,0.046
2016-02-28,0.048
2016-02-29,0.021
2016-03-01,0.031
2016-03-02,0.055
2016-03-03,0.052
2016-03-04,0.084
2016-03-05,0.048
2016-03-06,0.023
2016-03-07,0.06
2016-03-08,0.023
2016-03-09,0.022
2016-03-10,0.018
2016-03-11,0.024
2016-03-12,0.048
2016-03-13,0.035
2016-03-14,0.028
2016-03-15,0.044
2016-03-16,0.055
2016-03-17,0.079
2016-03-18,0.064
2016-03-19,0.041
2016-03-20,0.047
2016-03-21,0.058
2016-03-22,0.057
2016-03-23,0.038
2016-03-24,0.041
2016-03-25,0.053
2016-03-26,0.054
2016-03-27,0.043
2016-03-28,0.068
2016-03-29,0.079
2016-03-30,0.061
2016-03-31,0.07
2016-04-01,0.077
2016-04-02,0.064
2016-04-03,0.041
2016-04-04,0.048
2016-04-05,0.057
2016-04-06,0.08
2016-04-07,0.048
2016-04-08,0.051
2016-04-09,0.056
2016-04-10,0.046
2016-04-11,0.049
2016-04-12,0.051
2016-04-13,0.062
2016-04-14,0.051
2016-04-15,0.057
2016-04-16,0.072
2016-04-17,0.025
2016-04-18,0.04
2016-04-19,0.038
2016-04-20,0.068
2016-04-21,0.049
2016-04-22,0.051
2016-04-23,0.039
2016-04-24,0.044
2016-04-25,0.062
2016-04-26,0.063
2016-04-27,0.064
2016-04-28,0.05
2016-04-29,0.053
2016-04-30,0.055
2016-05-01,0.047
2016-05-02,0.058
2016-05-03,0.035
2016-05-04,0.028
2016-05-05,0.058
2016-05-06,0.044
2016-05-07,0.035
2016-05-08,0.042
2016-05-09,0.037
2016-05-10,0.045
2016-05-11,0.037
2016-05-12,0.049
2016-05-13,0.041
2016-05-14,0.052
2016-05-15,0.033
2016-05-16,0.036
2016-05-17,0.053
2016-05-18,0.049
2016-05-19,0.056
2016-05-20,0.077
2016-05-21,0.072
2016-05-22,0.052
2016-05-23,0.066
2016-05-24,0.043
2016-05-25,0.054
2016-05-26,0.055
2016-05-27,0.047
2016-05-28,0.045
2016-05-29,0.039
2016-05-30,0.044
2016-05-31,0.043
2016-06-01,0.051
2016-06-02,0.045
2016-06-03,0.048
2016-06-04,0.045
2016-06-05,0.052
2016-06-06,0.05
2016-06-07,0.039
2016-06-08,0.045
2016-06-09,0.046
2016-06-10,0.057
2016-06-11,0.043
2016-06-12,0.026
2016-06-13,0.037
2016-06-14,0.059
2016-06-15,0.051
2016-06-16,0.041
2016-06-17,0.065
2016-06-18,0.052
2016-06-19,0.028
2016-06-20,0.043
2016-06-21,0.062
2016-06-22,0.058
2016-06-23,0.048
2016-06-24,0.04
2016-06-25,0.04
2016-06-26,0.029
2016-06-27,0.054
2016-06-28,0.053
2016-06-29,0.063
2016-06-30,0.046
2016-07-01,0.046
2016-07-02,0.037
2016-07-03,0.043
2016-07-04,0.056
2016-07-05,0.031
2016-07-06,0.043
2016-07-07,0.057
2016-07-08,0.043
2016-07-09,0.032
2016-07-10,0.035
2016-07-11,0.056
2016-07-12,0.042
2016-07-13,0.029
2016-07-14,0.05
2016-07-15,0.054
2016-07-16,0.043
2016-07-17,0.031
2016-07-18,0.031
2016-07-19,0.062
2016-07-20,0.068
2016-07-21,0.068
2016-07-22,0.06
2016-07-23,0.048
2016-07-24,0.027
2016-07-25,0.039
2016-07-26,0.039
2016-07-27,0.04
2016-07-28,0.037
2016-07-29,0.057
2016-07-30,0.038
2016-07-31,0.021
2016-08-01,0.026
2016-08-02,0.03
2016-08-03,0.034
2016-08-04,0.048
2016-08-05,0.046
2016-08-06,0.042
2016-08-07,0.026
2016-08-08,0.027
2016-08-09,0.056
2016-08-10,0.043
2016-08-11,0.024
2016-08-12,0.031
2016-08-13,0.024
2016-08-14,0.014
2016-08-15,0.02
2016-08-16,0.037
2016-08-17,0.032
2016-08-18,0.055
2016-08-19,0.064
2016-08-20,0.046
2016-08-21,0.026
2016-08-22,0.044
2016-08-23,0.052
2016-08-24,0.045
2016-08-25,0.038
2016-08-26,0.053
2016-08-27,0.046
2016-08-28,0.024
2016-08-29,0.027
2016-08-30,0.018
2016-08-31,0.026
2016-09-01,0.054
2016-09-02,0.067
2016-09-03,0.045
2016-09-04,0.034
2016-09-05,0.036
2016-09-06,0.046
2016-09-07,0.04
2016-09-08,0.046
2016-09-09,0.039
2016-09-10,0.052
2016-09-11,0.041
2016-09-12,0.043
2016-09-13,0.042
2016-09-14,0.033
2016-09-15,0.028
2016-09-16,0.03
2016-09-17,0.04
2016-09-18,0.037
2016-09-19,0.043
2016-09-20,0.046
2016-09-21,0.051
2016-09-22,0.049
2016-09-23,0.049
2016-09-24,0.058
2016-09-25,0.043
2016-09-26,0.066
2016-09-27,0.047
2016-09-28,0.031
2016-09-29,0.046
2016-09-30,0.042
2016-10-01,0.065
2016-10-02,0.045
2016-10-03,0.023
2016-10-04,0.058
2016-10-05,0.033
2016-10-06,0.026
2016-10-07,0.054
2016-10-08,0.023
2016-10-09,0.013
2016-10-10,0.038
2016-10-11,0.046
2016-10-12,0.029
2016-10-13,0.042
2016-10-14,0.058
2016-10-15,0.067
2016-10-16,0.054
2016-10-17,0.037
2016-10-18,0.052
2016-10-19,0.057
2016-10-20,0.063
2016-10-21,0.051
2016-10-22,0.041
2016-10-23,0.04
2016-10-24,0.052
2016-10-25,0.037
2016-10-26,0.039
2016-10-27,0.049
2016-10-28,0.031
2016-10-29,0.019
2016-10-30,0.034
2016-10-31,0.035
2016-11-01,0.02
2016-11-02,0.044
2016-11-03,0.05
2016-11-04,0.059
2016-11-05,0.057
2016-11-06,0.046
2016-11-07,0.044
2016-11-08,0.016
2016-11-09,0.033
2016-11-10,0.064
2016-11-11,0.04
2016-11-12,0.048
2016-11-13,0.052
2016-11-14,0.048
2016-11-15,0.02
2016-11-16,0.048
2016-11-17,0.06
2016-11-18,0.071
2016-11-19,0.05
2016-11-20,0.026
2016-11-21,0.056
2016-11-22,0.018
2016-11-23,0.021
2016-11-24,0.023
2016-11-25,0.051
2016-11-26,0.06
2016-11-27,0.042
2016-11-28,0.026
2016-11-29,0.05
2016-11-30,0.063
2016-12-01,0.021
2016-12-02,0.034
2016-12-03,0.06
2016-12-04,0.071
2016-12-05,0.042
2016-12-06,0.028
2016-12-07,0.059
2016-12-08,0.059
2016-12-09,0.026
2016-12-10,0.033
2016-12-11,0.045
2016-12-12,0.065
2016-12-13,0.052
2016-12-14,0.026
2016-12-15,0.022
2016-12-16,0.036
2016-12-17,0.068
2016-12-18,0.063
2016-12-19,0.059
2016-12-20,0.055
2016-12-21,0.059
2016-12-22,0.035
2016-12-23,0.019
2016-12-24,0.03
2016-12-25,0.044
2016-12-26,0.049
2016-12-27,0.018
2016-12-28,0.046
2016-12-29,0.026
2016-12-30,0.054
2016-12-31,0.066
2017-01-01,0.057
2017-01-02,0.047
2017-01-03,0.046
2017-01-04,0.055
2017-01-05,0.062
2017-01-06,0.05
2017-01-07,0.054
2017-01-08,0.041
2017-01-09,0.02
2017-01-10,0.02
2017-01-11,0.031
2017-01-12,0.028
2017-01-13,0.02
2017-01-14,0.013
2017-01-15,0.022
2017-01-16,0.049
2017-01-17,0.068
2017-01-18,0.051
2017-01-19,0.051
2017-01-20,0.028
2017-01-21,0.05
2017-01-22,0.014
2017-01-23,0.025
2017-01-24,0.035
2017-01-25,0.054
2017-01-26,0.069
2017-01-27,0.016
2017-01-28,0.042
2017-01-29,0.047
2017-01-30,0.015
2017-01-31,0.037
2017-02-01,0.032
2017-02-02,0.036
2017-02-03,0.049
2017-02-04,0.07
2017-02-05,0.04
2017-02-06,0.022
2017-02-07,0.045
2017-02-08,0.045
2017-02-09,0.019
2017-02-10,0.016
2017-02-11,0.021
2017-02-12,0.028
2017-02-13,0.054
2017-02-14,0.031
2017-02-15,0.068
2017-02-16,0.075
2017-02-17,0.019
2017-02-18,0.024
2017-02-19,0.052
2017-02-20,0.017
2017-02-21,0.054
2017-02-22,0.054
2017-02-23,0.017
2017-02-24,0.036
2017-02-25,0.045
2017-02-26,0.03
2017-02-27,0.047
2017-02-28,0.063
2017-03-01,0.053
2017-03-02,0.021
2017-03-03,0.046
2017-03-04,0.052
2017-03-05,0.038
2017-03-06,0.015
2017-03-07,0.017
2017-03-08,0.031
2017-03-09,0.041
2017-03-10,0.043
2017-03-11,0.065
2017-03-12,0.06
2017-03-13,0.03
2017-03-14,0.024
2017-03-15,0.048
2017-03-16,0.058
2017-03-17,0.058
2017-03-18,0.061
2017-03-19,0.05
2017-03-20,0.073
2017-03-21,0.031
2017-03-22,0.034
2017-03-23,0.044
2017-03-24,0.051
2017-03-25,0.05
2017-03-26,0.042
2017-03-27,0.038
2017-03-28,0.052
2017-03-29,0.039
2017-03-30,0.048
2017-03-31,0.055
2017-04-01,0.031
2017-04-02,0.037
2017-04-03,0.058
2017-04-04,0.058
2017-04-05,0.069
2017-04-06,0.034
2017-04-07,0.046
2017-04-08,0.047
2017-04-09,0.037
2017-04-10,0.055
2017-04-11,0.036
2017-04-12,0.024
2017-04-13,0.044
2017-04-14,0.048
2017-04-15,0.049
2017-04-16,0.044
2017-04-17,0.05
2017-04-18,0.042
2017-04-19,0.026
2017-04-20,0.04
2017-04-21,0.06
2017-04-22,0.052
2017-04-23,0.042
2017-04-24,0.058
2017-04-25,0.05
2017-04-26,0.027
2017-04-27,0.037
2017-04-28,0.059
2017-04-29,0.053
2017-04-30,0.046
2017-05-01,0.054
2017-05-02,0.059
2017-05-03,0.053
2017-05-04,0.055
2017-05-05,0.029
2017-05-06,0.024
2017-05-07,0.028
2017-05-08,0.06
2017-05-09,0.051
2017-05-10,0.032
2017-05-11,0.06
2017-05-12,0.062
2017-05-13,0.043
2017-05-14,0.023
2017-05-15,0.034
2017-05-16,0.042
2017-05-17,0.041
2017-05-18,0.05
2017-05-19,0.043
2017-05-20,0.039
2017-05-21,0.029
2017-05-22,0.041
2017-05-23,0.033
2017-05-24,0.029
2017-05-25,0.034
2017-05-26,0.027
2017-05-27,0.037
2017-05-28,0.04
2017-05-29,0.052
2017-05-30,0.053
2017-05-31,0.051
2017-06-01,0.022
2017-06-02,0.023
2017-06-03,0.026
2017-06-04,0.022
2017-06-05,0.054
2017-06-06,0.046
2017-06-07,0.034
2017-06-08,0.039
2017-06-09,0.05
2017-06-10,0.026
2017-06-11,0.03
2017-06-12,0.046
2017-06-13,0.029
2017-06-14,0.035
2017-06-15,0.047
2017-06-16,0.059
2017-06-17,0.046
2017-06-18,0.031
2017-06-19,0.046
2017-06-20,0.052
2017-06-21,0.037
2017-06-22,0.036
2017-06-23,0.053
2017-06-24,0.051
2017-06-25,0.036
2017-06-26,0.045
2017-06-27,0.045
2017-06-28,0.042
2017-06-29,0.04
2017-06-30,0.035
2017-07-01,0.033
2017-07-02,0.025
2017-07-03,0.032
2017-07-04,0.031
2017-07-05,0.037
2017-07-06,0.052
2017-07-07,0.043
2017-07-08,0.034
2017-07-09,0.034
2017-07-10,0.036
2017-07-11,0.042
2017-07-12,0.036
2017-07-13,0.041
2017-07-14,0.051
2017-07-15,0.034
2017-07-16,0.032
2017-07-17,0.039
2017-07-18,0.037
2017-07-19,0.038
2017-07-20,0.048
2017-07-21,0.053
2017-07-22,0.043
2017-07-23,0.035
2017-07-24,0.036
2017-07-25,0.043
2017-07-26,0.053
2017-07-27,0.05
2017-07-28,0.042
2017-07-29,0.042
2017-07-30,0.023
2017-07-31,0.045
2017-08-01,0.04
2017-08-02,0.043
2017-08-03,0.057
2017-08-04,0.045
2017-08-05,0.025
2017-08-06,0.026
2017-08-07,0.027
2017-08-08,0.04
2017-08-09,0.061
2017-08-10,0.035
2017-08-11,0.051
2017-08-12,0.043
2017-08-13,0.032
2017-08-14,0.037
2017-08-15,0.029
2017-08-16,0.036
2017-08-17,0.037
2017-08-18,0.043
2017-08-19,0.043
2017-08-20,0.033
2017-08-21,0.037
2017-08-22,0.034
2017-08-23,0.03
2017-08-24,0.026
2017-08-25,0.034
2017-08-26,0.024
2017-08-27,0.034
2017-08-28,0.045
2017-08-29,0.012
2017-08-30,0.033
2017-08-31,0.033
2017-09-01,0.039
2017-09-02,0.037
2017-09-03,0.029
2017-09-04,0.052
2017-09-05,0.048
2017-09-06,0.038
2017-09-07,0.025
2017-09-08,0.035
2017-09-09,0.034
2017-09-10,0.046
2017-09-11,0.033
2017-09-12,0.029
2017-09-13,0.032
2017-09-14,0.042
2017-09-15,0.047
2017-09-16,0.035
2017-09-17,0.019
2017-09-18,0.029
2017-09-19,0.066
2017-09-20,0.023
2017-09-21,0.061
2017-09-22,0.064
2017-09-23,0.053
2017-09-24,0.035
2017-09-25,0.056
2017-09-26,0.066
2017-09-27,0.037
2017-09-28,0.021
2017-09-29,0.039
2017-09-30,0.052
2017-10-01,0.048
2017-10-02,0.026
2017-10-03,0.015
2017-10-04,0.021
2017-10-05,0.035
2017-10-06,0.032
2017-10-07,0.032
2017-10-08,0.03
2017-10-09,0.036
2017-10-10,0.042
2017-10-11,0.015
2017-10-12,0.023
2017-10-13,0.029
2017-10-14,0.027
2017-10-15,0.036
2017-10-16,0.033
2017-10-17,0.048
2017-10-18,0.052
2017-10-19,0.042
2017-10-20,0.044
2017-10-21,0.04
2017-10-22,0.036
2017-10-23,0.033
2017-10-24,0.044
2017-10-25,0.039
2017-10-26,0.046
2017-10-27,0.053
2017-10-28,0.05
2017-10-29,0.022
2017-10-30,0.022
2017-10-31,0.048
2017-11-01,0.052
2017-11-02,0.052
2017-11-03,0.026
2017-11-04,0.022
2017-11-05,0.037
2017-11-06,0.051
2017-11-07,0.063
2017-11-08,0.022
2017-11-09,0.048
2017-11-10,0.041
2017-11-11,0.019
2017-11-12,0.036
2017-11-13,0.056
2017-11-14,0.023
2017-11-15,0.018
2017-11-16,0.03
2017-11-17,0.056
2017-11-18,0.012
2017-11-19,0.018
2017-11-20,0.043
2017-11-21,0.053
2017-11-22,0.044
2017-11-23,0.026
2017-11-24,0.025
2017-11-25,0.053
2017-11-26,0.034
2017-11-27,0.054
2017-11-28,0.071
2017-11-29,0.026
2017-11-30,0.017
2017-12-01,0.039
2017-12-02,0.052
2017-12-03,0.046
2017-12-04,0.021
2017-12-05,0.03
2017-12-06,0.052
2017-12-07,0.032
2017-12-08,0.024
2017-12-09,0.056
2017-12-10,0.036
2017-12-11,0.012
2017-12-12,0.017
2017-12-13,0.026
2017-12-14,0.055
2017-12-15,0.077
2017-12-16,0.018
2017-12-17,0.019
2017-12-18,0.058
2017-12-19,0.021
2017-12-20,0.051
2017-12-21,0.07
2017-12-22,0.056
2017-12-23,0.022
2017-12-24,0.027
2017-12-25,0.053
2017-12-26,0.026
2017-12-27,0.013
2017-12-28,0.019
2017-12-29,0.015
2017-12-30,0.029
2017-12-31,0.047